[
null,
{"id":1,"battlerName":"","characterIndex":0,"characterName":"$Lira","classId":1,"equips":[],"faceIndex":0,"faceName":"Lira","traits":[],"initialLevel":1,"maxLevel":1,"name":"Lira Zukunshoff","nickname":"Lira","note":"","profile":""},
{"id":2,"battlerName":"","characterIndex":0,"characterName":"$Amia","classId":1,"equips":[],"faceIndex":0,"faceName":"Amia","traits":[],"initialLevel":1,"maxLevel":1,"name":"Amia Zukunshoff ","nickname":"Amia","note":"","profile":""},
{"id":3,"battlerName":"","characterIndex":0,"characterName":"","classId":1,"equips":[],"faceIndex":0,"faceName":"","traits":[],"initialLevel":1,"maxLevel":99,"name":"","nickname":"","note":"","profile":""}
]