{
"autoplayBgm":false,"autoplayBgs":false,"battleback1Name":"","battleback2Name":"","bgm":{"name":"","pan":0,"pitch":100,"volume":90},"bgs":{"name":"","pan":0,"pitch":100,"volume":90},"disableDashing":false,"displayName":"Personal Quarters","encounterList":[],"encounterStep":30,"height":12,"note":"","parallaxLoopX":true,"parallaxLoopY":false,"parallaxName":"WarpDrive","parallaxShow":true,"parallaxSx":30,"parallaxSy":0,"scrollType":0,"specifyBattleback":false,"tilesetId":2,"width":8,
"data":[2720,2720,2720,2720,2720,2720,2720,2720,2720,2720,2720,2720,2720,2720,2720,2720,2748,2728,2720,2724,2748,2748,2748,2748,7335,2760,2748,2758,7746,7732,7748,7335,7333,1615,1615,1615,7752,7740,7750,7333,7333,1615,1615,1615,1615,1615,1615,7333,7333,1615,1615,1615,1615,1615,1615,7333,7333,1615,1615,1615,1615,1615,1615,7333,7333,1615,1615,1615,1615,1615,1615,7333,7333,1615,1615,1615,1615,1615,1615,7333,7333,1615,1615,1615,1615,1615,1615,7333,7341,7339,7342,1615,1615,7339,7342,7341,0,0,0,0,0,0,0,0,0,0,0,0,0,0,0,0,0,0,0,0,0,0,0,0,0,0,0,0,0,0,0,0,0,0,0,0,0,0,0,0,0,0,0,0,0,0,0,0,0,0,0,0,0,0,0,0,0,0,0,0,0,0,0,0,0,0,0,0,0,0,0,0,0,0,0,0,0,0,0,0,0,0,0,0,0,0,0,0,0,0,0,0,0,0,0,0,0,0,0,0,0,0,0,0,0,0,0,0,0,0,0,0,0,0,0,0,0,0,0,0,0,0,0,0,0,0,0,0,0,448,256,98,0,0,0,0,0,457,0,457,0,0,0,0,0,465,0,465,0,0,0,0,0,0,0,0,0,0,0,0,0,0,0,0,0,0,0,0,0,0,0,0,0,0,0,0,0,0,0,0,0,0,0,0,0,0,0,0,0,0,0,0,0,0,0,0,0,0,0,0,0,0,0,0,0,0,0,0,81,80,81,82,81,81,81,81,0,88,89,90,0,0,0,0,0,96,97,449,29,374,454,0,0,456,477,456,346,382,462,0,0,464,0,464,639,0,0,0,0,0,0,0,0,0,0,0,0,0,0,0,0,0,0,0,0,0,0,0,0,0,724,0,0,333,333,0,0,0,732,0,0,0,0,0,0,0,0,0,0,0,0,0,0,0,0,0,0,0,0,0,0,0,0,0,0,0,0,0,0,0,0,0,0,0,0,0,0,0,0,0,0,5,0,0,0,0,0,0,0,5,0,0,0,0,0,0,0,5,0,0,0,0,0,0,0,5,0,0,0,0,0,0,0,5,0,0,0,0,0,0,0,5,0,0,0,0,0,0,0,5,0,0,0,0,0,0,0,0,0,0,0,0,0,0,0,0,0,0,0,0,0,0,0,0,0,0,0,0,0,0,0,0,0,0,0,0,0,0,0,0,0,0,0,0,0,0,0,0,0,0,0,0,0,0,0,0,0,0,0,0,0,0,0,0,0,0,0,0,0,0,0,0,0,0,0,0,0,0,0,0,0,0,0,0,0,0,0,0,0,0,0,0,0,0,0,0,0,0,0,0,0,0,0,0,0,0,0,0,0,0],
"events":[
null,
{"id":1,"name":"EV001","note":"","pages":[{"conditions":{"actorId":1,"actorValid":false,"itemId":1,"itemValid":false,"selfSwitchCh":"A","selfSwitchValid":false,"switch1Id":1,"switch1Valid":false,"switch2Id":1,"switch2Valid":false,"variableId":1,"variableValid":false,"variableValue":0},"directionFix":false,"image":{"characterIndex":0,"characterName":"","direction":2,"pattern":0,"tileId":0},"list":[{"code":250,"indent":0,"parameters":[{"name":"Move1","pan":0,"pitch":100,"volume":90}]},{"code":201,"indent":0,"parameters":[0,13,9,4,2,0]},{"code":0,"indent":0,"parameters":[]}],"moveFrequency":3,"moveRoute":{"list":[{"code":0,"parameters":[]}],"repeat":true,"skippable":false,"wait":false},"moveSpeed":3,"moveType":0,"priorityType":0,"stepAnime":false,"through":false,"trigger":1,"walkAnime":true}],"x":3,"y":11},
{"id":2,"name":"EV002","note":"","pages":[{"conditions":{"actorId":1,"actorValid":false,"itemId":1,"itemValid":false,"selfSwitchCh":"A","selfSwitchValid":false,"switch1Id":1,"switch1Valid":false,"switch2Id":1,"switch2Valid":false,"variableId":1,"variableValid":false,"variableValue":0},"directionFix":false,"image":{"characterIndex":0,"characterName":"","direction":2,"pattern":0,"tileId":0},"list":[{"code":250,"indent":0,"parameters":[{"name":"Move1","pan":0,"pitch":100,"volume":90}]},{"code":201,"indent":0,"parameters":[0,13,9,4,2,0]},{"code":0,"indent":0,"parameters":[]}],"moveFrequency":3,"moveRoute":{"list":[{"code":0,"parameters":[]}],"repeat":true,"skippable":false,"wait":false},"moveSpeed":3,"moveType":0,"priorityType":0,"stepAnime":false,"through":false,"trigger":1,"walkAnime":true}],"x":4,"y":11},
{"id":3,"name":"EV003","note":"","pages":[{"conditions":{"actorId":1,"actorValid":false,"itemId":1,"itemValid":false,"selfSwitchCh":"A","selfSwitchValid":false,"switch1Id":24,"switch1Valid":true,"switch2Id":18,"switch2Valid":true,"variableId":1,"variableValid":false,"variableValue":0},"directionFix":false,"image":{"tileId":0,"characterName":"$Amia","direction":8,"pattern":1,"characterIndex":0},"list":[{"code":201,"indent":0,"parameters":[0,22,2,6,0,0]},{"code":101,"indent":0,"parameters":["",0,1,2]},{"code":401,"indent":0,"parameters":["Sis, sis! Wake up!"]},{"code":203,"indent":0,"parameters":[0,0,2,7,0]},{"code":222,"indent":0,"parameters":[]},{"code":230,"indent":0,"parameters":[30]},{"code":356,"indent":0,"parameters":["BUST LEFT FALSE"]},{"code":101,"indent":0,"parameters":["Lira",1,1,2]},{"code":401,"indent":0,"parameters":["Wh-what?"]},{"code":230,"indent":0,"parameters":[30]},{"code":356,"indent":0,"parameters":["BUST RIGHT TRUE"]},{"code":101,"indent":0,"parameters":["Amia",1,1,2]},{"code":401,"indent":0,"parameters":["Listen. We’re gonna send a message home."]},{"code":230,"indent":0,"parameters":[30]},{"code":356,"indent":0,"parameters":["BUST LEFT FALSE"]},{"code":101,"indent":0,"parameters":["Lira",1,1,2]},{"code":401,"indent":0,"parameters":["Hnngh… Can’t we wait till the morning?"]},{"code":230,"indent":0,"parameters":[30]},{"code":356,"indent":0,"parameters":["BUST RIGHT TRUE"]},{"code":101,"indent":0,"parameters":["Amia",1,1,2]},{"code":401,"indent":0,"parameters":["No, because technically, "]},{"code":401,"indent":0,"parameters":["we’re not allowed to."]},{"code":230,"indent":0,"parameters":[30]},{"code":356,"indent":0,"parameters":["BUST LEFT FALSE"]},{"code":101,"indent":0,"parameters":["Lira",1,1,2]},{"code":401,"indent":0,"parameters":["Huh?"]},{"code":230,"indent":0,"parameters":[30]},{"code":356,"indent":0,"parameters":["BUST RIGHT TRUE"]},{"code":101,"indent":0,"parameters":["Amia",1,1,2]},{"code":401,"indent":0,"parameters":["I spoke to Noah earlier, "]},{"code":401,"indent":0,"parameters":["after you went to sleep."]},{"code":230,"indent":0,"parameters":[30]},{"code":356,"indent":0,"parameters":["BUST RIGHT TRUE"]},{"code":101,"indent":0,"parameters":["Amia",2,1,2]},{"code":401,"indent":0,"parameters":["He told me that we should be easy on the "]},{"code":401,"indent":0,"parameters":["power systems, so no unnecessary load."]},{"code":230,"indent":0,"parameters":[30]},{"code":356,"indent":0,"parameters":["BUST LEFT FALSE"]},{"code":101,"indent":0,"parameters":["Lira",1,1,2]},{"code":401,"indent":0,"parameters":["Then.. why are we doing this? "]},{"code":401,"indent":0,"parameters":["Do you even know how?"]},{"code":230,"indent":0,"parameters":[30]},{"code":356,"indent":0,"parameters":["BUST RIGHT TRUE"]},{"code":101,"indent":0,"parameters":["Amia",0,1,2]},{"code":401,"indent":0,"parameters":["Yeah. I read the manual a few weeks back "]},{"code":401,"indent":0,"parameters":["it should be enough. "]},{"code":230,"indent":0,"parameters":[30]},{"code":356,"indent":0,"parameters":["BUST LEFT FALSE"]},{"code":101,"indent":0,"parameters":["Lira",2,1,2]},{"code":401,"indent":0,"parameters":["I don’t know sis… It doesn’t seem safe."]},{"code":230,"indent":0,"parameters":[30]},{"code":356,"indent":0,"parameters":["BUST RIGHT TRUE"]},{"code":101,"indent":0,"parameters":["Amia",3,1,2]},{"code":401,"indent":0,"parameters":["Think about it sis. "]},{"code":401,"indent":0,"parameters":["Do you really think this would push the"]},{"code":401,"indent":0,"parameters":["power systems over?"]},{"code":230,"indent":0,"parameters":[30]},{"code":356,"indent":0,"parameters":["BUST RIGHT TRUE"]},{"code":101,"indent":0,"parameters":["Amia",3,1,2]},{"code":401,"indent":0,"parameters":["If it does, then anything else will."]},{"code":401,"indent":0,"parameters":["We’re fucked anyway. "]},{"code":401,"indent":0,"parameters":["We might as well try to get a message "]},{"code":401,"indent":0,"parameters":["home, right?"]},{"code":230,"indent":0,"parameters":[30]},{"code":356,"indent":0,"parameters":["BUST LEFT FALSE"]},{"code":101,"indent":0,"parameters":["Lira",3,1,2]},{"code":401,"indent":0,"parameters":["I don’t think so! "]},{"code":401,"indent":0,"parameters":["Im s-sure Noah fixed it, "]},{"code":401,"indent":0,"parameters":["he told me it was fine."]},{"code":230,"indent":0,"parameters":[30]},{"code":356,"indent":0,"parameters":["BUST RIGHT TRUE"]},{"code":101,"indent":0,"parameters":["Amia",1,1,2]},{"code":401,"indent":0,"parameters":["Then what’s the problem? Let’s go"]},{"code":230,"indent":0,"parameters":[30]},{"code":356,"indent":0,"parameters":["BUST LEFT FALSE"]},{"code":101,"indent":0,"parameters":["Lira",3,1,2]},{"code":401,"indent":0,"parameters":["Hm…"]},{"code":102,"indent":0,"parameters":[["Let's send a message.","I'm not going."],1,0,2,0]},{"code":402,"indent":0,"parameters":[0,"Let's send a message."]},{"code":230,"indent":1,"parameters":[30]},{"code":356,"indent":1,"parameters":["BUST RIGHT TRUE"]},{"code":101,"indent":1,"parameters":["Amia",0,1,2]},{"code":401,"indent":1,"parameters":["Awesome! Let's go."]},{"code":121,"indent":1,"parameters":[62,62,0]},{"code":121,"indent":1,"parameters":[29,29,0]},{"code":221,"indent":1,"parameters":[]},{"code":201,"indent":1,"parameters":[0,10,2,5,8,0]},{"code":123,"indent":1,"parameters":["A",0]},{"code":0,"indent":1,"parameters":[]},{"code":402,"indent":0,"parameters":[1,"I'm not going."]},{"code":230,"indent":1,"parameters":[30]},{"code":356,"indent":1,"parameters":["BUST LEFT FALSE"]},{"code":101,"indent":1,"parameters":["Lira",3,1,2]},{"code":401,"indent":1,"parameters":["I don’t know. I don’t think it’s safe, sis."]},{"code":230,"indent":1,"parameters":[30]},{"code":356,"indent":1,"parameters":["BUST RIGHT TRUE"]},{"code":101,"indent":1,"parameters":["Amia",3,1,2]},{"code":401,"indent":1,"parameters":["Damnit… Fine. If you don’t want "]},{"code":401,"indent":1,"parameters":["to then I’ll go myself."]},{"code":230,"indent":1,"parameters":[30]},{"code":356,"indent":1,"parameters":["BUST RIGHT TRUE"]},{"code":101,"indent":1,"parameters":["Amia",3,1,2]},{"code":401,"indent":1,"parameters":["I’ll tell our brother that you "]},{"code":401,"indent":1,"parameters":["weren’t interested. "]},{"code":221,"indent":1,"parameters":[]},{"code":121,"indent":1,"parameters":[61,61,0]},{"code":121,"indent":1,"parameters":[19,19,0]},{"code":121,"indent":1,"parameters":[13,13,1]},{"code":121,"indent":1,"parameters":[29,29,0]},{"code":223,"indent":1,"parameters":[[0,0,0,0],60,false]},{"code":201,"indent":1,"parameters":[0,23,2,6,0,0]},{"code":222,"indent":1,"parameters":[]},{"code":230,"indent":1,"parameters":[30]},{"code":356,"indent":1,"parameters":["BUST LEFT FALSE"]},{"code":101,"indent":1,"parameters":["Lira",0,1,2]},{"code":401,"indent":1,"parameters":["Ah, another day..."]},{"code":401,"indent":1,"parameters":["Oh! the lights are back! Awesome."]},{"code":230,"indent":1,"parameters":[30]},{"code":356,"indent":1,"parameters":["BUST LEFT FALSE"]},{"code":101,"indent":1,"parameters":["Lira",0,1,2]},{"code":401,"indent":1,"parameters":["I should see Alern. What he said has been"]},{"code":401,"indent":1,"parameters":["on my mind..."]},{"code":123,"indent":1,"parameters":["A",0]},{"code":0,"indent":1,"parameters":[]},{"code":404,"indent":0,"parameters":[]},{"code":0,"indent":0,"parameters":[]}],"moveFrequency":3,"moveRoute":{"list":[{"code":0,"parameters":[]}],"repeat":true,"skippable":false,"wait":false},"moveSpeed":3,"moveType":0,"priorityType":1,"stepAnime":false,"through":false,"trigger":3,"walkAnime":true},{"conditions":{"actorId":1,"actorValid":false,"itemId":1,"itemValid":false,"selfSwitchCh":"A","selfSwitchValid":true,"switch1Id":1,"switch1Valid":false,"switch2Id":1,"switch2Valid":false,"variableId":1,"variableValid":false,"variableValue":0},"directionFix":false,"image":{"characterIndex":0,"characterName":"","direction":2,"pattern":0,"tileId":0},"list":[{"code":0,"indent":0,"parameters":[]}],"moveFrequency":3,"moveRoute":{"list":[{"code":0,"parameters":[]}],"repeat":true,"skippable":false,"wait":false},"moveSpeed":3,"moveType":0,"priorityType":0,"stepAnime":false,"through":false,"trigger":0,"walkAnime":true}],"x":0,"y":4},
{"id":4,"name":"HealthMonitor","note":"","pages":[{"conditions":{"actorId":1,"actorValid":false,"itemId":1,"itemValid":false,"selfSwitchCh":"A","selfSwitchValid":false,"switch1Id":1,"switch1Valid":false,"switch2Id":1,"switch2Valid":false,"variableId":1,"variableValid":false,"variableValue":0},"directionFix":false,"image":{"tileId":0,"characterName":"!$Computer-Console-012-Prison-Medical","direction":2,"pattern":0,"characterIndex":0},"list":[{"code":0,"indent":0,"parameters":[]}],"moveFrequency":3,"moveRoute":{"list":[{"code":0,"parameters":[]}],"repeat":true,"skippable":false,"wait":false},"moveSpeed":3,"moveType":3,"priorityType":1,"stepAnime":true,"through":false,"trigger":3,"walkAnime":false}],"x":2,"y":4},
null,
{"id":6,"name":"Amia_Scene5_Room","note":"","pages":[{"conditions":{"actorId":1,"actorValid":false,"itemId":1,"itemValid":false,"selfSwitchCh":"A","selfSwitchValid":false,"switch1Id":18,"switch1Valid":true,"switch2Id":1,"switch2Valid":false,"variableId":1,"variableValid":false,"variableValue":0},"directionFix":false,"image":{"characterIndex":0,"characterName":"","direction":2,"pattern":0,"tileId":0},"list":[{"code":205,"indent":0,"parameters":[-1,{"list":[{"code":4,"indent":null},{"code":4,"indent":null},{"code":2,"indent":null},{"code":4,"indent":null},{"code":0}],"repeat":false,"skippable":false,"wait":true}]},{"code":505,"indent":0,"parameters":[{"code":4,"indent":null}]},{"code":505,"indent":0,"parameters":[{"code":4,"indent":null}]},{"code":505,"indent":0,"parameters":[{"code":2,"indent":null}]},{"code":505,"indent":0,"parameters":[{"code":4,"indent":null}]},{"code":203,"indent":0,"parameters":[0,0,3,11,0]},{"code":205,"indent":0,"parameters":[6,{"list":[{"code":41,"parameters":["$Amia",0],"indent":null},{"code":4,"indent":null},{"code":4,"indent":null},{"code":2,"indent":null},{"code":4,"indent":null},{"code":0}],"repeat":false,"skippable":true,"wait":true}]},{"code":505,"indent":0,"parameters":[{"code":41,"parameters":["$Amia",0],"indent":null}]},{"code":505,"indent":0,"parameters":[{"code":4,"indent":null}]},{"code":505,"indent":0,"parameters":[{"code":4,"indent":null}]},{"code":505,"indent":0,"parameters":[{"code":2,"indent":null}]},{"code":505,"indent":0,"parameters":[{"code":4,"indent":null}]},{"code":230,"indent":0,"parameters":[30]},{"code":356,"indent":0,"parameters":["BUST RIGHT TRUE"]},{"code":101,"indent":0,"parameters":["Amia",3,1,2]},{"code":401,"indent":0,"parameters":["Man, this sucks."]},{"code":205,"indent":0,"parameters":[-1,{"list":[{"code":16,"indent":null},{"code":0}],"repeat":false,"skippable":false,"wait":true}]},{"code":505,"indent":0,"parameters":[{"code":16,"indent":null}]},{"code":230,"indent":0,"parameters":[30]},{"code":356,"indent":0,"parameters":["BUST LEFT FALSE"]},{"code":101,"indent":0,"parameters":["Lira",3,1,2]},{"code":401,"indent":0,"parameters":["Yeah… knowing our luck, I guess it was "]},{"code":401,"indent":0,"parameters":["bound to happen!"]},{"code":230,"indent":0,"parameters":[30]},{"code":356,"indent":0,"parameters":["BUST RIGHT TRUE"]},{"code":101,"indent":0,"parameters":["Amia",1,1,2]},{"code":401,"indent":0,"parameters":["Do you think more stuff will happen?"]},{"code":230,"indent":0,"parameters":[30]},{"code":356,"indent":0,"parameters":["BUST LEFT FALSE"]},{"code":101,"indent":0,"parameters":["Lira",0,1,2]},{"code":401,"indent":0,"parameters":["Nah! It wasn’t too bad, and Noah’s on top "]},{"code":401,"indent":0,"parameters":["of it so we should be fine."]},{"code":230,"indent":0,"parameters":[30]},{"code":356,"indent":0,"parameters":["BUST RIGHT TRUE"]},{"code":101,"indent":0,"parameters":["Amia",0,1,2]},{"code":401,"indent":0,"parameters":["Ah, I suppose you’re right."]},{"code":230,"indent":0,"parameters":[30]},{"code":356,"indent":0,"parameters":["BUST LEFT FALSE"]},{"code":101,"indent":0,"parameters":["Lira",1,1,2]},{"code":401,"indent":0,"parameters":["You don’t seem too convinced!"]},{"code":230,"indent":0,"parameters":[30]},{"code":356,"indent":0,"parameters":["BUST RIGHT TRUE"]},{"code":101,"indent":0,"parameters":["Amia",2,1,2]},{"code":401,"indent":0,"parameters":["I’m just a bit scared, I guess."]},{"code":205,"indent":0,"parameters":[-1,{"list":[{"code":1,"indent":null},{"code":0}],"repeat":false,"skippable":true,"wait":true}]},{"code":505,"indent":0,"parameters":[{"code":1,"indent":null}]},{"code":230,"indent":0,"parameters":[30]},{"code":356,"indent":0,"parameters":["BUST LEFT FALSE"]},{"code":101,"indent":0,"parameters":["Lira",0,1,2]},{"code":401,"indent":0,"parameters":["Hey, we’ll be fine, alright? We’ve made it "]},{"code":401,"indent":0,"parameters":["this far!"]},{"code":230,"indent":0,"parameters":[30]},{"code":356,"indent":0,"parameters":["BUST RIGHT TRUE"]},{"code":101,"indent":0,"parameters":["Amia",0,1,2]},{"code":401,"indent":0,"parameters":["Heh, yeah. I know."]},{"code":401,"indent":0,"parameters":["I guess I’m just tired."]},{"code":230,"indent":0,"parameters":[30]},{"code":356,"indent":0,"parameters":["BUST LEFT FALSE"]},{"code":101,"indent":0,"parameters":["Lira",0,1,2]},{"code":401,"indent":0,"parameters":["Let’s get some sleep, then."]},{"code":230,"indent":0,"parameters":[30]},{"code":356,"indent":0,"parameters":["BUST RIGHT TRUE"]},{"code":101,"indent":0,"parameters":["Amia",0,1,2]},{"code":401,"indent":0,"parameters":["Yeah… Goodnight, Sis."]},{"code":230,"indent":0,"parameters":[30]},{"code":356,"indent":0,"parameters":["BUST LEFT FALSE"]},{"code":101,"indent":0,"parameters":["Lira",0,1,2]},{"code":401,"indent":0,"parameters":["Nighty Night."]},{"code":221,"indent":0,"parameters":[]},{"code":121,"indent":0,"parameters":[23,23,1]},{"code":101,"indent":0,"parameters":["",0,2,1]},{"code":401,"indent":0,"parameters":["END OF DAY 3"]},{"code":230,"indent":0,"parameters":[180]},{"code":121,"indent":0,"parameters":[24,24,0]},{"code":123,"indent":0,"parameters":["A",0]},{"code":0,"indent":0,"parameters":[]}],"moveFrequency":3,"moveRoute":{"list":[{"code":0,"parameters":[]}],"repeat":true,"skippable":false,"wait":false},"moveSpeed":3,"moveType":0,"priorityType":1,"stepAnime":false,"through":false,"trigger":3,"walkAnime":true},{"conditions":{"actorId":1,"actorValid":false,"itemId":1,"itemValid":false,"selfSwitchCh":"A","selfSwitchValid":true,"switch1Id":1,"switch1Valid":false,"switch2Id":1,"switch2Valid":false,"variableId":1,"variableValid":false,"variableValue":0},"directionFix":false,"image":{"characterIndex":0,"characterName":"","direction":2,"pattern":0,"tileId":0},"list":[{"code":0,"indent":0,"parameters":[]}],"moveFrequency":3,"moveRoute":{"list":[{"code":0,"parameters":[]}],"repeat":true,"skippable":false,"wait":false},"moveSpeed":3,"moveType":0,"priorityType":0,"stepAnime":false,"through":false,"trigger":0,"walkAnime":true}],"x":0,"y":11},
{"id":7,"name":"EV007","note":"","pages":[{"conditions":{"actorId":1,"actorValid":false,"itemId":1,"itemValid":false,"selfSwitchCh":"A","selfSwitchValid":false,"switch1Id":1,"switch1Valid":false,"switch2Id":1,"switch2Valid":false,"variableId":1,"variableValid":false,"variableValue":0},"directionFix":false,"image":{"characterIndex":0,"characterName":"","direction":2,"pattern":0,"tileId":0},"list":[{"code":101,"indent":0,"parameters":["",0,0,2]},{"code":401,"indent":0,"parameters":["One of the Oxygen tanks moved here as an emergency"]},{"code":401,"indent":0,"parameters":["supply. "]},{"code":0,"indent":0,"parameters":[]}],"moveFrequency":3,"moveRoute":{"list":[{"code":0,"parameters":[]}],"repeat":true,"skippable":false,"wait":false},"moveSpeed":3,"moveType":0,"priorityType":1,"stepAnime":false,"through":false,"trigger":0,"walkAnime":true}],"x":6,"y":10},
null,
null
]
}