{
"autoplayBgm":false,"autoplayBgs":false,"battleback1Name":"","battleback2Name":"","bgm":{"name":"","pan":0,"pitch":100,"volume":90},"bgs":{"name":"","pan":0,"pitch":100,"volume":90},"disableDashing":false,"displayName":"Cargo Hold","encounterList":[],"encounterStep":30,"height":10,"note":"","parallaxLoopX":true,"parallaxLoopY":false,"parallaxName":"WarpDrive","parallaxShow":true,"parallaxSx":30,"parallaxSy":0,"scrollType":0,"specifyBattleback":false,"tilesetId":2,"width":20,
"data":[4599,5375,2760,2748,2748,2748,2748,2748,2748,2758,5371,5370,5370,5370,5370,5370,5370,5370,5370,5374,4597,7554,7540,7540,7540,7540,7540,7540,7540,7540,7540,7540,7540,7540,7540,7556,7234,7234,7234,4599,4597,7536,7520,7520,7520,7520,7520,7520,7520,7520,7520,7520,7520,7520,7520,7544,7232,7232,7232,4597,4605,7536,7520,7520,7520,7520,7520,7520,7520,7520,7520,7520,7520,7520,7520,7544,7240,7240,7240,4597,5747,7536,7520,7520,7520,7520,7520,7520,7520,7520,7520,7520,7520,7520,7520,7522,7540,7540,7556,4597,5753,7536,7520,7520,7520,7520,7520,7520,7520,7520,7520,7520,7520,7520,7520,7520,7520,7520,7544,4597,4599,7536,7520,7520,7520,7520,7520,7520,7520,7520,7520,7520,7520,7520,7520,7520,7520,7520,7544,4597,4597,7536,7520,7520,7520,7520,7520,7520,7520,7520,7520,7520,7520,7520,7520,7520,7520,7520,7544,4597,4597,7560,7548,7548,7548,7548,7548,7548,7548,7548,7548,7548,7548,7548,7548,7548,7548,7548,7558,4597,4605,5371,5374,2769,2768,2770,5371,5370,5370,5374,2769,2768,2768,2768,2768,2770,5371,5370,5374,4605,0,0,0,0,0,0,0,0,0,0,0,0,0,0,0,0,0,0,0,0,0,0,0,0,0,0,0,0,0,0,0,0,0,0,0,0,0,0,0,0,0,0,0,0,0,0,0,0,0,0,0,0,0,0,0,0,0,0,0,0,0,0,0,0,0,0,0,0,0,0,0,0,0,0,0,0,0,0,0,0,0,0,0,0,0,0,0,0,0,0,0,0,0,0,0,0,0,0,0,0,0,0,0,0,0,0,0,0,0,0,0,0,0,0,0,0,0,0,0,0,0,0,0,0,0,0,0,0,0,0,0,0,0,0,0,0,0,0,0,0,0,0,0,0,0,0,0,0,0,0,0,0,0,0,0,0,0,0,0,0,0,0,0,0,0,0,0,0,0,0,0,0,0,0,0,0,0,0,0,0,0,0,0,0,0,0,0,0,0,0,0,0,0,0,0,0,0,0,0,0,0,0,0,0,0,0,0,0,0,66,0,0,0,0,0,0,0,0,0,0,0,0,0,0,0,0,0,0,0,0,0,0,0,0,0,0,0,0,0,0,0,0,0,0,0,0,0,0,0,0,0,0,0,0,0,0,0,0,0,0,0,0,0,0,0,0,0,0,0,0,0,0,0,0,0,0,0,0,0,0,0,0,0,0,0,0,0,0,0,0,0,0,0,0,0,0,0,0,0,0,0,0,0,0,0,0,0,0,0,0,0,0,0,0,0,0,0,0,0,0,0,0,0,0,0,0,0,0,0,0,0,0,0,0,0,0,0,0,0,0,0,0,0,0,0,0,0,0,0,0,0,0,0,0,0,0,0,0,0,0,0,0,0,0,0,0,0,0,0,0,0,0,0,0,0,0,0,0,0,0,0,0,0,0,0,0,0,0,0,0,0,0,0,0,0,66,0,0,0,0,0,0,64,65,65,65,65,65,65,65,0,0,0,0,0,0,0,0,0,0,0,0,0,0,0,0,38,0,0,0,0,110,0,0,0,0,0,0,0,0,0,0,0,39,0,0,46,0,0,641,0,118,0,0,0,0,0,0,0,0,0,0,0,47,0,0,0,0,0,649,0,126,0,642,0,0,0,0,0,0,0,0,0,0,0,0,0,0,0,0,0,0,0,0,0,0,0,0,0,0,0,0,0,0,0,0,0,0,0,0,607,0,0,0,0,0,0,0,0,0,0,0,0,0,0,0,0,575,0,0,0,0,551,0,650,0,0,0,0,0,0,0,0,0,0,0,0,583,0,0,0,0,0,0,0,0,0,0,0,0,0,0,0,0,0,0,0,0,0,0,0,0,0,0,0,0,0,0,0,0,0,0,0,64,65,66,0,0,0,0,64,65,65,65,65,65,0,0,0,0,0,0,0,0,0,0,0,0,0,0,0,0,0,0,0,0,0,0,0,0,0,0,0,0,0,0,0,0,0,0,0,0,0,0,0,0,0,0,0,0,0,0,0,0,0,0,0,0,0,0,0,0,0,0,0,0,0,0,0,0,0,0,0,0,0,0,0,0,0,0,0,0,0,0,0,0,0,0,0,0,0,0,0,0,0,0,0,0,0,0,0,0,0,0,0,0,0,0,0,0,0,0,0,0,0,0,0,0,0,0,0,0,0,0,0,0,0,0,0,0,0,0,0,0,0,0,0,0,0,0,0,0,0,0,0,0,0,0,0,0,0,0,0,0,0,0,0,0,0,0,0,0,0,0,0,0,0,0,0,0,0,0,0,0,0,0,0,0,0,0,0,0,0,0,0,0,0,0,0,0,0,0,0,5,0,0,0,0,0,0,5,0,0,0,0,0,0,0,0,0,0,0,0,0,0,0,0,0,0,0,0,0,0,0,0,0,0,0,0,0,0,0,0,0,0,0,0,0,0,0,0,0,0,0,0,0,0,0,0,0,0,0,0,0,0,0,0,0,0,0,0,0,0,0,0,0,0,0,0,0,0,0,0,0,0,0,0,0,0,0,0,0,0,0,0,0,0,0,0,0,0,0,0,0,0,0,0,0,0,0,0,0,0,0,0,0,0,0,0,0,0,0,0,0,0,0,0,0,0,0,0,0,0,0,0,0,0,0,0,0,0,0,0,0,0,0,0,0,0,0,0,0,0,0,0,0,0,0,0,0,0,0,0,0,0,0,0,0,0,0,0,0,0,0,0,0,0,0,0,0,0,0,0,0,0,0,0,0,0,0,0,0,0,0,0,0,0,0,0,0,0,0,0,0,0,0,0,0,0,0,0,0,0,0,0,0,0,0,0,0],
"events":[
null,
{"id":1,"name":"EV001","note":"","pages":[{"conditions":{"actorId":1,"actorValid":false,"itemId":1,"itemValid":false,"selfSwitchCh":"A","selfSwitchValid":false,"switch1Id":1,"switch1Valid":false,"switch2Id":1,"switch2Valid":false,"variableId":1,"variableValid":false,"variableValue":0},"directionFix":false,"image":{"characterIndex":0,"characterName":"!$Doors_Prison_1","direction":2,"pattern":2,"tileId":0},"list":[{"code":250,"indent":0,"parameters":[{"name":"Open1","pan":0,"pitch":100,"volume":90}]},{"code":205,"indent":0,"parameters":[0,{"list":[{"code":17},{"code":15,"parameters":[3]},{"code":18},{"code":15,"parameters":[3]},{"code":19},{"code":37},{"code":0}],"repeat":false,"skippable":false,"wait":true}]},{"code":505,"indent":0,"parameters":[{"code":17}]},{"code":505,"indent":0,"parameters":[{"code":15,"parameters":[3]}]},{"code":505,"indent":0,"parameters":[{"code":18}]},{"code":505,"indent":0,"parameters":[{"code":15,"parameters":[3]}]},{"code":505,"indent":0,"parameters":[{"code":19}]},{"code":505,"indent":0,"parameters":[{"code":37}]},{"code":205,"indent":0,"parameters":[-1,{"list":[{"code":12},{"code":0}],"repeat":false,"skippable":true,"wait":true}]},{"code":505,"indent":0,"parameters":[{"code":12}]},{"code":250,"indent":0,"parameters":[{"name":"Move1","pan":0,"pitch":100,"volume":90}]},{"code":201,"indent":0,"parameters":[0,13,16,13,2,0]},{"code":0,"indent":0,"parameters":[]}],"moveFrequency":3,"moveRoute":{"list":[{"code":0,"parameters":[]}],"repeat":true,"skippable":false,"wait":false},"moveSpeed":3,"moveType":0,"priorityType":1,"stepAnime":false,"through":false,"trigger":1,"walkAnime":false}],"x":17,"y":3},
null,
{"id":3,"name":"EV003","note":"","pages":[{"conditions":{"actorId":1,"actorValid":false,"itemId":1,"itemValid":false,"selfSwitchCh":"A","selfSwitchValid":false,"switch1Id":1,"switch1Valid":false,"switch2Id":1,"switch2Valid":false,"variableId":1,"variableValid":false,"variableValue":0},"directionFix":false,"image":{"characterIndex":0,"characterName":"","direction":2,"pattern":0,"tileId":0},"list":[{"code":111,"indent":0,"parameters":[8,1]},{"code":101,"indent":1,"parameters":["",0,0,2]},{"code":401,"indent":1,"parameters":["Unlocked with the Engine Room keycard!"]},{"code":250,"indent":1,"parameters":[{"name":"Move1","pan":0,"pitch":100,"volume":90}]},{"code":201,"indent":1,"parameters":[0,8,3,5,4,0]},{"code":0,"indent":1,"parameters":[]},{"code":411,"indent":0,"parameters":[]},{"code":250,"indent":1,"parameters":[{"name":"beep_neutral_01","volume":90,"pitch":100,"pan":0}]},{"code":101,"indent":1,"parameters":["",0,0,2]},{"code":401,"indent":1,"parameters":["Locked! Requires the Engine Room keycard."]},{"code":0,"indent":1,"parameters":[]},{"code":412,"indent":0,"parameters":[]},{"code":0,"indent":0,"parameters":[]}],"moveFrequency":3,"moveRoute":{"list":[{"code":0,"parameters":[]}],"repeat":true,"skippable":false,"wait":false},"moveSpeed":3,"moveType":0,"priorityType":1,"stepAnime":false,"through":false,"trigger":1,"walkAnime":true}],"x":0,"y":5},
{"id":4,"name":"Noah_Scene2","note":"","pages":[{"conditions":{"actorId":1,"actorValid":false,"itemId":1,"itemValid":false,"selfSwitchCh":"A","selfSwitchValid":false,"switch1Id":3,"switch1Valid":true,"switch2Id":22,"switch2Valid":true,"variableId":1,"variableValid":false,"variableValue":0},"directionFix":false,"image":{"tileId":0,"characterName":"$Noah","direction":4,"pattern":1,"characterIndex":0},"list":[{"code":121,"indent":0,"parameters":[16,16,1]},{"code":205,"indent":0,"parameters":[-1,{"list":[{"code":1,"indent":null},{"code":17,"indent":null},{"code":0}],"repeat":false,"skippable":false,"wait":true}]},{"code":505,"indent":0,"parameters":[{"code":1,"indent":null}]},{"code":505,"indent":0,"parameters":[{"code":17,"indent":null}]},{"code":230,"indent":0,"parameters":[30]},{"code":356,"indent":0,"parameters":["BUST LEFT FALSE"]},{"code":101,"indent":0,"parameters":["Lira",2,1,2]},{"code":401,"indent":0,"parameters":["Shit, I should’ve done this sooner..."]},{"code":230,"indent":0,"parameters":[30]},{"code":356,"indent":0,"parameters":["BUST RIGHT TRUE"]},{"code":101,"indent":0,"parameters":["Noah",1,1,2]},{"code":401,"indent":0,"parameters":["Damnit, where is it…"]},{"code":205,"indent":0,"parameters":[-1,{"list":[{"code":2,"indent":null},{"code":2,"indent":null},{"code":4,"indent":null},{"code":2,"indent":null},{"code":2,"indent":null},{"code":2,"indent":null},{"code":2,"indent":null},{"code":2,"indent":null},{"code":2,"indent":null},{"code":0}],"repeat":false,"skippable":false,"wait":true}]},{"code":505,"indent":0,"parameters":[{"code":2,"indent":null}]},{"code":505,"indent":0,"parameters":[{"code":2,"indent":null}]},{"code":505,"indent":0,"parameters":[{"code":4,"indent":null}]},{"code":505,"indent":0,"parameters":[{"code":2,"indent":null}]},{"code":505,"indent":0,"parameters":[{"code":2,"indent":null}]},{"code":505,"indent":0,"parameters":[{"code":2,"indent":null}]},{"code":505,"indent":0,"parameters":[{"code":2,"indent":null}]},{"code":505,"indent":0,"parameters":[{"code":2,"indent":null}]},{"code":505,"indent":0,"parameters":[{"code":2,"indent":null}]},{"code":230,"indent":0,"parameters":[30]},{"code":356,"indent":0,"parameters":["BUST LEFT FALSE"]},{"code":101,"indent":0,"parameters":["Lira",2,1,2]},{"code":401,"indent":0,"parameters":["Whatcha lookin for?"]},{"code":205,"indent":0,"parameters":[4,{"list":[{"code":18,"indent":null},{"code":0}],"repeat":false,"skippable":false,"wait":true}]},{"code":505,"indent":0,"parameters":[{"code":18,"indent":null}]},{"code":230,"indent":0,"parameters":[30]},{"code":356,"indent":0,"parameters":["BUST RIGHT TRUE"]},{"code":101,"indent":0,"parameters":["Noah",3,1,2]},{"code":401,"indent":0,"parameters":["Oh! Lira? Finally. Say, "]},{"code":401,"indent":0,"parameters":["Wasn’t it your job to keep "]},{"code":401,"indent":0,"parameters":["these boxes sorted?"]},{"code":230,"indent":0,"parameters":[30]},{"code":356,"indent":0,"parameters":["BUST LEFT FALSE"]},{"code":101,"indent":0,"parameters":["Lira",2,1,2]},{"code":401,"indent":0,"parameters":["ME? I’m just the pilot, mister! "]},{"code":230,"indent":0,"parameters":[30]},{"code":356,"indent":0,"parameters":["BUST RIGHT TRUE"]},{"code":101,"indent":0,"parameters":["Noah",2,1,2]},{"code":401,"indent":0,"parameters":["Yes I know, but we’re not exactly "]},{"code":401,"indent":0,"parameters":["sufficiently staffed here are we? "]},{"code":230,"indent":0,"parameters":[30]},{"code":356,"indent":0,"parameters":["BUST LEFT FALSE"]},{"code":101,"indent":0,"parameters":["Lira",1,1,2]},{"code":401,"indent":0,"parameters":["I guess not."]},{"code":230,"indent":0,"parameters":[30]},{"code":356,"indent":0,"parameters":["BUST RIGHT TRUE"]},{"code":101,"indent":0,"parameters":["Noah",0,1,2]},{"code":401,"indent":0,"parameters":["Well, anyway. I’m looking for our "]},{"code":401,"indent":0,"parameters":["transmitter interface. We’ll need it "]},{"code":401,"indent":0,"parameters":["if we want to contact home "]},{"code":401,"indent":0,"parameters":["before we get back."]},{"code":230,"indent":0,"parameters":[30]},{"code":356,"indent":0,"parameters":["BUST LEFT FALSE"]},{"code":101,"indent":0,"parameters":["Lira",1,1,2]},{"code":401,"indent":0,"parameters":["Why do we need to contact em anyway? They "]},{"code":401,"indent":0,"parameters":["should know we’re coming back."]},{"code":230,"indent":0,"parameters":[30]},{"code":356,"indent":0,"parameters":["BUST RIGHT TRUE"]},{"code":101,"indent":0,"parameters":["Noah",1,1,2]},{"code":401,"indent":0,"parameters":["Well still. It’s part of the procedure, "]},{"code":401,"indent":0,"parameters":["and it’s just helpful anyway. We can send "]},{"code":401,"indent":0,"parameters":["back messages and whatnot to"]},{"code":401,"indent":0,"parameters":["our family back home. "]},{"code":230,"indent":0,"parameters":[30]},{"code":356,"indent":0,"parameters":["BUST LEFT FALSE"]},{"code":101,"indent":0,"parameters":["Lira",2,1,2]},{"code":401,"indent":0,"parameters":["Oooh, that’s appealing! "]},{"code":230,"indent":0,"parameters":[30]},{"code":356,"indent":0,"parameters":["BUST RIGHT TRUE"]},{"code":101,"indent":0,"parameters":["Noah",2,1,2]},{"code":401,"indent":0,"parameters":["It is. So are you going to help me or not?"]},{"code":230,"indent":0,"parameters":[30]},{"code":356,"indent":0,"parameters":["BUST LEFT FALSE"]},{"code":101,"indent":0,"parameters":["Lira",2,1,2]},{"code":401,"indent":0,"parameters":["Well… "]},{"code":230,"indent":0,"parameters":[30]},{"code":102,"indent":0,"parameters":[["Help Noah","Don't Help Noah"],1,0,1,0]},{"code":402,"indent":0,"parameters":[0,"Help Noah"]},{"code":230,"indent":1,"parameters":[30]},{"code":356,"indent":1,"parameters":["BUST RIGHT TRUE"]},{"code":101,"indent":1,"parameters":["Noah",0,1,2]},{"code":401,"indent":1,"parameters":["Great!"]},{"code":221,"indent":1,"parameters":[]},{"code":122,"indent":1,"parameters":[3,3,0,0,1]},{"code":230,"indent":1,"parameters":[30]},{"code":121,"indent":1,"parameters":[8,8,0]},{"code":121,"indent":1,"parameters":[5,5,0]},{"code":201,"indent":1,"parameters":[0,2,17,6,4,0]},{"code":203,"indent":1,"parameters":[0,0,16,6,6]},{"code":230,"indent":1,"parameters":[30]},{"code":222,"indent":1,"parameters":[]},{"code":230,"indent":1,"parameters":[30]},{"code":356,"indent":1,"parameters":["BUST RIGHT TRUE"]},{"code":101,"indent":1,"parameters":["",4,1,2]},{"code":401,"indent":1,"parameters":["Great!"]},{"code":230,"indent":1,"parameters":[30]},{"code":356,"indent":1,"parameters":["BUST LEFT FALSE"]},{"code":101,"indent":1,"parameters":["Lira",0,1,2]},{"code":401,"indent":1,"parameters":["You telling me? That’s probably the most "]},{"code":401,"indent":1,"parameters":["physical exertion I’ve done in weeks!"]},{"code":230,"indent":1,"parameters":[30]},{"code":356,"indent":1,"parameters":["BUST RIGHT TRUE"]},{"code":101,"indent":1,"parameters":["Noah",0,1,2]},{"code":401,"indent":1,"parameters":["No kidding. Still, we found it, "]},{"code":401,"indent":1,"parameters":["and that’s what matters. Good job, Lira."]},{"code":230,"indent":1,"parameters":[30]},{"code":356,"indent":1,"parameters":["BUST LEFT FALSE"]},{"code":101,"indent":1,"parameters":["Lira",0,1,2]},{"code":401,"indent":1,"parameters":["Course we found it, I was here to help!"]},{"code":230,"indent":1,"parameters":[30]},{"code":356,"indent":1,"parameters":["BUST RIGHT TRUE"]},{"code":101,"indent":1,"parameters":["Noah",0,1,2]},{"code":401,"indent":1,"parameters":["Mhm. Right, well, I’m going to set this up, "]},{"code":401,"indent":1,"parameters":["drop by tomorrow if you feel "]},{"code":401,"indent":1,"parameters":["like messaging home."]},{"code":230,"indent":1,"parameters":[30]},{"code":356,"indent":1,"parameters":["BUST LEFT FALSE"]},{"code":101,"indent":1,"parameters":["Lira",0,1,2]},{"code":401,"indent":1,"parameters":["Thanks!"]},{"code":205,"indent":1,"parameters":[4,{"list":[{"code":4,"indent":null},{"code":3,"indent":null},{"code":4,"indent":null},{"code":0}],"repeat":false,"skippable":false,"wait":true}]},{"code":505,"indent":1,"parameters":[{"code":4,"indent":null}]},{"code":505,"indent":1,"parameters":[{"code":3,"indent":null}]},{"code":505,"indent":1,"parameters":[{"code":4,"indent":null}]},{"code":121,"indent":1,"parameters":[16,16,1]},{"code":123,"indent":1,"parameters":["A",0]},{"code":0,"indent":1,"parameters":[]},{"code":402,"indent":0,"parameters":[1,"Don't Help Noah"]},{"code":230,"indent":1,"parameters":[30]},{"code":356,"indent":1,"parameters":["BUST RIGHT TRUE"]},{"code":101,"indent":1,"parameters":["Noah",1,1,2]},{"code":401,"indent":1,"parameters":["Really? Alright. I guess you must be busy "]},{"code":401,"indent":1,"parameters":["for once. Goodluck in whatever "]},{"code":401,"indent":1,"parameters":["you’re doing then."]},{"code":230,"indent":1,"parameters":[30]},{"code":356,"indent":1,"parameters":["BUST LEFT FALSE"]},{"code":101,"indent":1,"parameters":["Lira",0,1,2]},{"code":401,"indent":1,"parameters":["Yeah… sorry."]},{"code":205,"indent":1,"parameters":[-1,{"list":[{"code":1,"indent":null},{"code":1,"indent":null},{"code":1,"indent":null},{"code":18,"indent":null},{"code":0}],"repeat":false,"skippable":false,"wait":true}]},{"code":505,"indent":1,"parameters":[{"code":1,"indent":null}]},{"code":505,"indent":1,"parameters":[{"code":1,"indent":null}]},{"code":505,"indent":1,"parameters":[{"code":1,"indent":null}]},{"code":505,"indent":1,"parameters":[{"code":18,"indent":null}]},{"code":230,"indent":1,"parameters":[30]},{"code":356,"indent":1,"parameters":["BUST LEFT FALSE"]},{"code":101,"indent":1,"parameters":["Lira",0,1,2]},{"code":401,"indent":1,"parameters":["Right… never have been one for arts and "]},{"code":401,"indent":1,"parameters":["crafts. I guess I’ll just get everything "]},{"code":401,"indent":1,"parameters":["that looks like it might be helpful."]},{"code":221,"indent":1,"parameters":[]},{"code":121,"indent":1,"parameters":[9,9,0]},{"code":121,"indent":1,"parameters":[4,4,0]},{"code":121,"indent":1,"parameters":[16,16,1]},{"code":123,"indent":1,"parameters":["B",0]},{"code":205,"indent":1,"parameters":[4,{"list":[{"code":17,"indent":null},{"code":0}],"repeat":false,"skippable":false,"wait":true}]},{"code":505,"indent":1,"parameters":[{"code":17,"indent":null}]},{"code":230,"indent":1,"parameters":[30]},{"code":222,"indent":1,"parameters":[]},{"code":0,"indent":1,"parameters":[]},{"code":404,"indent":0,"parameters":[]},{"code":0,"indent":0,"parameters":[]}],"moveFrequency":3,"moveRoute":{"list":[{"code":0,"parameters":[]}],"repeat":true,"skippable":false,"wait":false},"moveSpeed":4,"moveType":0,"priorityType":1,"stepAnime":false,"through":false,"trigger":3,"walkAnime":true},{"conditions":{"actorId":1,"actorValid":false,"itemId":1,"itemValid":false,"selfSwitchCh":"A","selfSwitchValid":true,"switch1Id":3,"switch1Valid":false,"switch2Id":1,"switch2Valid":false,"variableId":1,"variableValid":false,"variableValue":0},"directionFix":false,"image":{"characterIndex":0,"characterName":"","direction":2,"pattern":0,"tileId":0},"list":[{"code":0,"indent":0,"parameters":[]}],"moveFrequency":3,"moveRoute":{"list":[{"code":0,"parameters":[]}],"repeat":true,"skippable":false,"wait":false},"moveSpeed":3,"moveType":0,"priorityType":0,"stepAnime":false,"through":false,"trigger":0,"walkAnime":true},{"conditions":{"actorId":1,"actorValid":false,"itemId":1,"itemValid":false,"selfSwitchCh":"B","selfSwitchValid":true,"switch1Id":4,"switch1Valid":true,"switch2Id":1,"switch2Valid":false,"variableId":1,"variableValid":false,"variableValue":0},"directionFix":false,"image":{"tileId":0,"characterName":"$Noah","direction":4,"pattern":1,"characterIndex":0},"list":[{"code":230,"indent":0,"parameters":[30]},{"code":356,"indent":0,"parameters":["BUST RIGHT TRUE"]},{"code":213,"indent":0,"parameters":[-1,5,false]},{"code":101,"indent":0,"parameters":["Noah",1,1,2]},{"code":401,"indent":0,"parameters":["Thanks for nothing, you are busy. "]},{"code":0,"indent":0,"parameters":[]}],"moveFrequency":3,"moveRoute":{"list":[{"code":0,"parameters":[]}],"repeat":true,"skippable":false,"wait":false},"moveSpeed":3,"moveType":0,"priorityType":1,"stepAnime":false,"through":false,"trigger":0,"walkAnime":true},{"conditions":{"actorId":1,"actorValid":false,"itemId":1,"itemValid":false,"selfSwitchCh":"A","selfSwitchValid":false,"switch1Id":10,"switch1Valid":true,"switch2Id":1,"switch2Valid":false,"variableId":1,"variableValid":false,"variableValue":0},"directionFix":false,"image":{"characterIndex":0,"characterName":"","direction":2,"pattern":0,"tileId":0},"list":[{"code":0,"indent":0,"parameters":[]}],"moveFrequency":3,"moveRoute":{"list":[{"code":0,"parameters":[]}],"repeat":true,"skippable":false,"wait":false},"moveSpeed":3,"moveType":0,"priorityType":0,"stepAnime":false,"through":false,"trigger":3,"walkAnime":true}],"x":8,"y":4},
{"id":5,"name":"trash1_1","note":"","pages":[{"conditions":{"actorId":1,"actorValid":false,"itemId":1,"itemValid":false,"selfSwitchCh":"A","selfSwitchValid":false,"switch1Id":1,"switch1Valid":false,"switch2Id":1,"switch2Valid":false,"variableId":1,"variableValid":false,"variableValue":0},"directionFix":false,"image":{"tileId":954,"characterName":"","characterIndex":0,"direction":2,"pattern":0},"list":[{"code":101,"indent":0,"parameters":["",0,0,2]},{"code":401,"indent":0,"parameters":["Just some trash. How did this even get here?"]},{"code":0,"indent":0,"parameters":[]}],"moveFrequency":3,"moveRoute":{"list":[{"code":0,"parameters":[]}],"repeat":true,"skippable":false,"wait":false},"moveSpeed":3,"moveType":0,"priorityType":1,"stepAnime":false,"through":false,"trigger":0,"walkAnime":true},{"conditions":{"actorId":1,"actorValid":false,"itemId":1,"itemValid":false,"selfSwitchCh":"A","selfSwitchValid":false,"switch1Id":5,"switch1Valid":true,"switch2Id":1,"switch2Valid":false,"variableId":1,"variableValid":false,"variableValue":0},"directionFix":false,"image":{"characterIndex":0,"characterName":"","direction":2,"pattern":0,"tileId":0},"list":[{"code":0,"indent":0,"parameters":[]}],"moveFrequency":3,"moveRoute":{"list":[{"code":0,"parameters":[]}],"repeat":true,"skippable":false,"wait":false},"moveSpeed":3,"moveType":0,"priorityType":0,"stepAnime":false,"through":false,"trigger":0,"walkAnime":true}],"x":4,"y":6},
{"id":6,"name":"trash1_3","note":"","pages":[{"conditions":{"actorId":1,"actorValid":false,"itemId":1,"itemValid":false,"selfSwitchCh":"A","selfSwitchValid":false,"switch1Id":1,"switch1Valid":false,"switch2Id":1,"switch2Valid":false,"variableId":1,"variableValid":false,"variableValue":0},"directionFix":false,"image":{"tileId":955,"characterName":"","characterIndex":0,"direction":2,"pattern":0},"list":[{"code":101,"indent":0,"parameters":["",0,0,2]},{"code":401,"indent":0,"parameters":["Just some trash. How did this even get here?"]},{"code":0,"indent":0,"parameters":[]}],"moveFrequency":3,"moveRoute":{"list":[{"code":0,"parameters":[]}],"repeat":true,"skippable":false,"wait":false},"moveSpeed":3,"moveType":0,"priorityType":1,"stepAnime":false,"through":false,"trigger":0,"walkAnime":true},{"conditions":{"actorId":1,"actorValid":false,"itemId":1,"itemValid":false,"selfSwitchCh":"A","selfSwitchValid":false,"switch1Id":5,"switch1Valid":true,"switch2Id":1,"switch2Valid":false,"variableId":1,"variableValid":false,"variableValue":0},"directionFix":false,"image":{"characterIndex":0,"characterName":"","direction":2,"pattern":0,"tileId":0},"list":[{"code":0,"indent":0,"parameters":[]}],"moveFrequency":3,"moveRoute":{"list":[{"code":0,"parameters":[]}],"repeat":true,"skippable":false,"wait":false},"moveSpeed":3,"moveType":0,"priorityType":0,"stepAnime":false,"through":false,"trigger":0,"walkAnime":true}],"x":5,"y":6},
{"id":7,"name":"EV007","note":"","pages":[{"conditions":{"actorId":1,"actorValid":false,"itemId":1,"itemValid":false,"selfSwitchCh":"A","selfSwitchValid":false,"switch1Id":1,"switch1Valid":false,"switch2Id":1,"switch2Valid":false,"variableId":1,"variableValid":false,"variableValue":0},"directionFix":false,"image":{"characterIndex":0,"characterName":"","direction":2,"pattern":0,"tileId":0},"list":[{"code":111,"indent":0,"parameters":[8,1]},{"code":101,"indent":1,"parameters":["",0,0,2]},{"code":401,"indent":1,"parameters":["Unlocked with the Engine Room keycard!"]},{"code":250,"indent":1,"parameters":[{"name":"Move1","pan":0,"pitch":100,"volume":90}]},{"code":201,"indent":1,"parameters":[0,8,3,4,4,0]},{"code":0,"indent":1,"parameters":[]},{"code":411,"indent":0,"parameters":[]},{"code":250,"indent":1,"parameters":[{"name":"beep_neutral_01","volume":90,"pitch":100,"pan":0}]},{"code":101,"indent":1,"parameters":["",0,0,2]},{"code":401,"indent":1,"parameters":["Locked! Requires the Engine Room keycard."]},{"code":0,"indent":1,"parameters":[]},{"code":412,"indent":0,"parameters":[]},{"code":0,"indent":0,"parameters":[]}],"moveFrequency":3,"moveRoute":{"list":[{"code":0,"parameters":[]}],"repeat":true,"skippable":false,"wait":false},"moveSpeed":3,"moveType":0,"priorityType":1,"stepAnime":false,"through":false,"trigger":1,"walkAnime":true}],"x":0,"y":4},
{"id":8,"name":"trash1_2","note":"","pages":[{"conditions":{"actorId":1,"actorValid":false,"itemId":1,"itemValid":false,"selfSwitchCh":"A","selfSwitchValid":false,"switch1Id":1,"switch1Valid":false,"switch2Id":1,"switch2Valid":false,"variableId":1,"variableValid":false,"variableValue":0},"directionFix":false,"image":{"tileId":962,"characterName":"","characterIndex":0,"direction":2,"pattern":0},"list":[{"code":101,"indent":0,"parameters":["",0,0,2]},{"code":401,"indent":0,"parameters":["Just some trash. How did this even get here?"]},{"code":0,"indent":0,"parameters":[]}],"moveFrequency":3,"moveRoute":{"list":[{"code":0,"parameters":[]}],"repeat":true,"skippable":false,"wait":false},"moveSpeed":3,"moveType":0,"priorityType":1,"stepAnime":false,"through":false,"trigger":0,"walkAnime":true},{"conditions":{"actorId":1,"actorValid":false,"itemId":1,"itemValid":false,"selfSwitchCh":"A","selfSwitchValid":false,"switch1Id":5,"switch1Valid":true,"switch2Id":1,"switch2Valid":false,"variableId":1,"variableValid":false,"variableValue":0},"directionFix":false,"image":{"characterIndex":0,"characterName":"","direction":2,"pattern":0,"tileId":0},"list":[{"code":0,"indent":0,"parameters":[]}],"moveFrequency":3,"moveRoute":{"list":[{"code":0,"parameters":[]}],"repeat":true,"skippable":false,"wait":false},"moveSpeed":3,"moveType":0,"priorityType":0,"stepAnime":false,"through":false,"trigger":0,"walkAnime":true}],"x":4,"y":7},
{"id":9,"name":"trash1_4","note":"","pages":[{"conditions":{"actorId":1,"actorValid":false,"itemId":1,"itemValid":false,"selfSwitchCh":"A","selfSwitchValid":false,"switch1Id":1,"switch1Valid":false,"switch2Id":1,"switch2Valid":false,"variableId":1,"variableValid":false,"variableValue":0},"directionFix":false,"image":{"tileId":963,"characterName":"","characterIndex":0,"direction":2,"pattern":0},"list":[{"code":101,"indent":0,"parameters":["",0,0,2]},{"code":401,"indent":0,"parameters":["Just some trash. How did this even get here?"]},{"code":0,"indent":0,"parameters":[]}],"moveFrequency":3,"moveRoute":{"list":[{"code":0,"parameters":[]}],"repeat":true,"skippable":false,"wait":false},"moveSpeed":3,"moveType":0,"priorityType":1,"stepAnime":false,"through":false,"trigger":0,"walkAnime":true},{"conditions":{"actorId":1,"actorValid":false,"itemId":1,"itemValid":false,"selfSwitchCh":"A","selfSwitchValid":false,"switch1Id":5,"switch1Valid":true,"switch2Id":1,"switch2Valid":false,"variableId":1,"variableValid":false,"variableValue":0},"directionFix":false,"image":{"characterIndex":0,"characterName":"","direction":2,"pattern":0,"tileId":0},"list":[{"code":0,"indent":0,"parameters":[]}],"moveFrequency":3,"moveRoute":{"list":[{"code":0,"parameters":[]}],"repeat":true,"skippable":false,"wait":false},"moveSpeed":3,"moveType":0,"priorityType":0,"stepAnime":false,"through":false,"trigger":0,"walkAnime":true}],"x":5,"y":7},
null,
{"id":11,"name":"trash5_1","note":"","pages":[{"conditions":{"actorId":1,"actorValid":false,"itemId":1,"itemValid":false,"selfSwitchCh":"A","selfSwitchValid":false,"switch1Id":1,"switch1Valid":false,"switch2Id":1,"switch2Valid":false,"variableId":1,"variableValid":false,"variableValue":0},"directionFix":false,"image":{"tileId":907,"characterName":"","characterIndex":0,"direction":2,"pattern":0},"list":[{"code":101,"indent":0,"parameters":["",0,0,2]},{"code":401,"indent":0,"parameters":["Just some trash. How did this even get here?"]},{"code":0,"indent":0,"parameters":[]}],"moveFrequency":3,"moveRoute":{"list":[{"code":0,"parameters":[]}],"repeat":true,"skippable":false,"wait":false},"moveSpeed":3,"moveType":0,"priorityType":1,"stepAnime":false,"through":false,"trigger":0,"walkAnime":true},{"conditions":{"actorId":1,"actorValid":false,"itemId":1,"itemValid":false,"selfSwitchCh":"A","selfSwitchValid":false,"switch1Id":5,"switch1Valid":true,"switch2Id":1,"switch2Valid":false,"variableId":1,"variableValid":false,"variableValue":0},"directionFix":false,"image":{"characterIndex":0,"characterName":"","direction":2,"pattern":0,"tileId":0},"list":[{"code":0,"indent":0,"parameters":[]}],"moveFrequency":3,"moveRoute":{"list":[{"code":0,"parameters":[]}],"repeat":true,"skippable":false,"wait":false},"moveSpeed":3,"moveType":0,"priorityType":0,"stepAnime":false,"through":false,"trigger":0,"walkAnime":true}],"x":15,"y":1},
{"id":12,"name":"trash5_2","note":"","pages":[{"conditions":{"actorId":1,"actorValid":false,"itemId":1,"itemValid":false,"selfSwitchCh":"A","selfSwitchValid":false,"switch1Id":1,"switch1Valid":false,"switch2Id":1,"switch2Valid":false,"variableId":1,"variableValid":false,"variableValue":0},"directionFix":false,"image":{"tileId":915,"characterName":"","characterIndex":0,"direction":2,"pattern":0},"list":[{"code":101,"indent":0,"parameters":["",0,0,2]},{"code":401,"indent":0,"parameters":["Just some trash. How did this even get here?"]},{"code":0,"indent":0,"parameters":[]}],"moveFrequency":3,"moveRoute":{"list":[{"code":0,"parameters":[]}],"repeat":true,"skippable":false,"wait":false},"moveSpeed":3,"moveType":0,"priorityType":0,"stepAnime":false,"through":false,"trigger":0,"walkAnime":true},{"conditions":{"actorId":1,"actorValid":false,"itemId":1,"itemValid":false,"selfSwitchCh":"A","selfSwitchValid":false,"switch1Id":5,"switch1Valid":true,"switch2Id":1,"switch2Valid":false,"variableId":1,"variableValid":false,"variableValue":0},"directionFix":false,"image":{"characterIndex":0,"characterName":"","direction":2,"pattern":0,"tileId":0},"list":[{"code":0,"indent":0,"parameters":[]}],"moveFrequency":3,"moveRoute":{"list":[{"code":0,"parameters":[]}],"repeat":true,"skippable":false,"wait":false},"moveSpeed":3,"moveType":0,"priorityType":0,"stepAnime":false,"through":false,"trigger":0,"walkAnime":true}],"x":15,"y":2},
{"id":13,"name":"trash3_1","note":"","pages":[{"conditions":{"actorId":1,"actorValid":false,"itemId":1,"itemValid":false,"selfSwitchCh":"A","selfSwitchValid":false,"switch1Id":1,"switch1Valid":false,"switch2Id":1,"switch2Valid":false,"variableId":1,"variableValid":false,"variableValue":0},"directionFix":false,"image":{"tileId":946,"characterName":"","characterIndex":0,"direction":2,"pattern":0},"list":[{"code":101,"indent":0,"parameters":["",0,0,2]},{"code":401,"indent":0,"parameters":["Just some trash. How did this even get here?"]},{"code":0,"indent":0,"parameters":[]}],"moveFrequency":3,"moveRoute":{"list":[{"code":0,"parameters":[]}],"repeat":true,"skippable":false,"wait":false},"moveSpeed":3,"moveType":0,"priorityType":1,"stepAnime":false,"through":false,"trigger":0,"walkAnime":true},{"conditions":{"actorId":1,"actorValid":false,"itemId":1,"itemValid":false,"selfSwitchCh":"A","selfSwitchValid":false,"switch1Id":5,"switch1Valid":true,"switch2Id":1,"switch2Valid":false,"variableId":1,"variableValid":false,"variableValue":0},"directionFix":false,"image":{"characterIndex":0,"characterName":"","direction":2,"pattern":0,"tileId":0},"list":[{"code":0,"indent":0,"parameters":[]}],"moveFrequency":3,"moveRoute":{"list":[{"code":0,"parameters":[]}],"repeat":true,"skippable":false,"wait":false},"moveSpeed":3,"moveType":0,"priorityType":0,"stepAnime":false,"through":false,"trigger":0,"walkAnime":true}],"x":7,"y":2},
{"id":14,"name":"trash2_1","note":"","pages":[{"conditions":{"actorId":1,"actorValid":false,"itemId":1,"itemValid":false,"selfSwitchCh":"A","selfSwitchValid":false,"switch1Id":1,"switch1Valid":false,"switch2Id":1,"switch2Valid":false,"variableId":1,"variableValid":false,"variableValue":0},"directionFix":false,"image":{"tileId":944,"characterName":"","characterIndex":0,"direction":2,"pattern":0},"list":[{"code":0,"indent":0,"parameters":[]}],"moveFrequency":3,"moveRoute":{"list":[{"code":0,"parameters":[]}],"repeat":true,"skippable":false,"wait":false},"moveSpeed":3,"moveType":0,"priorityType":0,"stepAnime":false,"through":false,"trigger":0,"walkAnime":true},{"conditions":{"actorId":1,"actorValid":false,"itemId":1,"itemValid":false,"selfSwitchCh":"A","selfSwitchValid":false,"switch1Id":5,"switch1Valid":true,"switch2Id":1,"switch2Valid":false,"variableId":1,"variableValid":false,"variableValue":0},"directionFix":false,"image":{"characterIndex":0,"characterName":"","direction":2,"pattern":0,"tileId":0},"list":[{"code":0,"indent":0,"parameters":[]}],"moveFrequency":3,"moveRoute":{"list":[{"code":0,"parameters":[]}],"repeat":true,"skippable":false,"wait":false},"moveSpeed":3,"moveType":0,"priorityType":0,"stepAnime":false,"through":false,"trigger":0,"walkAnime":true}],"x":10,"y":8},
{"id":15,"name":"EV015","note":"","pages":[{"conditions":{"actorId":1,"actorValid":false,"itemId":1,"itemValid":false,"selfSwitchCh":"A","selfSwitchValid":false,"switch1Id":21,"switch1Valid":true,"switch2Id":1,"switch2Valid":false,"variableId":1,"variableValid":false,"variableValue":0},"directionFix":false,"image":{"tileId":0,"characterName":"$Noah","direction":4,"pattern":1,"characterIndex":0},"list":[{"code":230,"indent":0,"parameters":[30]},{"code":356,"indent":0,"parameters":["BUST RIGHT TRUE"]},{"code":213,"indent":0,"parameters":[0,5,false]},{"code":101,"indent":0,"parameters":["Noah",0,1,2]},{"code":401,"indent":0,"parameters":["Oh, hey Lira. I was looking for something but..."]},{"code":401,"indent":0,"parameters":["I might just wait 'till tomorrow."]},{"code":230,"indent":0,"parameters":[30]},{"code":356,"indent":0,"parameters":["BUST LEFT FALSE"]},{"code":101,"indent":0,"parameters":["Lira",1,1,2]},{"code":401,"indent":0,"parameters":["What is it, and why?"]},{"code":230,"indent":0,"parameters":[30]},{"code":356,"indent":0,"parameters":["BUST RIGHT TRUE"]},{"code":101,"indent":0,"parameters":["Noah",1,1,2]},{"code":401,"indent":0,"parameters":["Ah... nevermind. I'll just try again "]},{"code":401,"indent":0,"parameters":["tomorrow."]},{"code":221,"indent":0,"parameters":[]},{"code":123,"indent":0,"parameters":["A",0]},{"code":222,"indent":0,"parameters":[]},{"code":0,"indent":0,"parameters":[]}],"moveFrequency":3,"moveRoute":{"list":[{"code":0,"parameters":[]}],"repeat":true,"skippable":false,"wait":false},"moveSpeed":3,"moveType":0,"priorityType":1,"stepAnime":false,"through":false,"trigger":0,"walkAnime":true},{"conditions":{"actorId":1,"actorValid":false,"itemId":1,"itemValid":false,"selfSwitchCh":"A","selfSwitchValid":true,"switch1Id":1,"switch1Valid":false,"switch2Id":1,"switch2Valid":false,"variableId":1,"variableValid":false,"variableValue":0},"directionFix":false,"image":{"characterIndex":0,"characterName":"","direction":2,"pattern":0,"tileId":0},"list":[{"code":121,"indent":0,"parameters":[31,31,0]},{"code":0,"indent":0,"parameters":[]}],"moveFrequency":3,"moveRoute":{"list":[{"code":0,"parameters":[]}],"repeat":true,"skippable":false,"wait":false},"moveSpeed":3,"moveType":0,"priorityType":0,"stepAnime":false,"through":false,"trigger":4,"walkAnime":true}],"x":6,"y":4},
{"id":16,"name":"EV016","note":"","pages":[{"conditions":{"actorId":1,"actorValid":false,"itemId":1,"itemValid":false,"selfSwitchCh":"A","selfSwitchValid":false,"switch1Id":1,"switch1Valid":false,"switch2Id":1,"switch2Valid":false,"variableId":1,"variableValid":false,"variableValue":0},"directionFix":false,"image":{"tileId":537,"characterName":"","characterIndex":0,"direction":2,"pattern":0},"list":[{"code":101,"indent":0,"parameters":["",0,0,2]},{"code":401,"indent":0,"parameters":["Some sort of storage container."]},{"code":401,"indent":0,"parameters":["Aren't these meant to be stacked?"]},{"code":0,"indent":0,"parameters":[]}],"moveFrequency":3,"moveRoute":{"list":[{"code":0,"parameters":[]}],"repeat":true,"skippable":false,"wait":false},"moveSpeed":3,"moveType":0,"priorityType":1,"stepAnime":false,"through":false,"trigger":0,"walkAnime":true}],"x":5,"y":4},
{"id":17,"name":"EV017","note":"","pages":[{"conditions":{"actorId":1,"actorValid":false,"itemId":1,"itemValid":false,"selfSwitchCh":"A","selfSwitchValid":false,"switch1Id":1,"switch1Valid":false,"switch2Id":1,"switch2Valid":false,"variableId":1,"variableValid":false,"variableValue":0},"directionFix":false,"image":{"tileId":537,"characterName":"","characterIndex":0,"direction":2,"pattern":0},"list":[{"code":101,"indent":0,"parameters":["",0,0,2]},{"code":401,"indent":0,"parameters":["Some sort of storage container."]},{"code":401,"indent":0,"parameters":["Aren't these meant to be stacked?"]},{"code":0,"indent":0,"parameters":[]}],"moveFrequency":3,"moveRoute":{"list":[{"code":0,"parameters":[]}],"repeat":true,"skippable":false,"wait":false},"moveSpeed":3,"moveType":0,"priorityType":1,"stepAnime":false,"through":false,"trigger":0,"walkAnime":true}],"x":7,"y":4},
{"id":18,"name":"EV018","note":"","pages":[{"conditions":{"actorId":1,"actorValid":false,"itemId":1,"itemValid":false,"selfSwitchCh":"A","selfSwitchValid":false,"switch1Id":1,"switch1Valid":false,"switch2Id":1,"switch2Valid":false,"variableId":1,"variableValid":false,"variableValue":0},"directionFix":false,"image":{"tileId":529,"characterName":"","characterIndex":0,"direction":2,"pattern":0},"list":[{"code":101,"indent":0,"parameters":["",0,0,2]},{"code":401,"indent":0,"parameters":["Some sort of storage container."]},{"code":401,"indent":0,"parameters":["Aren't these meant to be stacked?"]},{"code":0,"indent":0,"parameters":[]}],"moveFrequency":3,"moveRoute":{"list":[{"code":0,"parameters":[]}],"repeat":true,"skippable":false,"wait":false},"moveSpeed":3,"moveType":0,"priorityType":1,"stepAnime":false,"through":false,"trigger":0,"walkAnime":true}],"x":8,"y":6},
{"id":19,"name":"EV019","note":"","pages":[{"conditions":{"actorId":1,"actorValid":false,"itemId":1,"itemValid":false,"selfSwitchCh":"A","selfSwitchValid":false,"switch1Id":1,"switch1Valid":false,"switch2Id":1,"switch2Valid":false,"variableId":1,"variableValid":false,"variableValue":0},"directionFix":false,"image":{"tileId":539,"characterName":"","characterIndex":0,"direction":2,"pattern":0},"list":[{"code":101,"indent":0,"parameters":["",0,0,2]},{"code":401,"indent":0,"parameters":["Some sort of storage container."]},{"code":401,"indent":0,"parameters":["Aren't these meant to be stacked?"]},{"code":0,"indent":0,"parameters":[]}],"moveFrequency":3,"moveRoute":{"list":[{"code":0,"parameters":[]}],"repeat":true,"skippable":false,"wait":false},"moveSpeed":3,"moveType":0,"priorityType":1,"stepAnime":false,"through":false,"trigger":0,"walkAnime":true}],"x":10,"y":7},
{"id":20,"name":"EV020","note":"","pages":[{"conditions":{"actorId":1,"actorValid":false,"itemId":1,"itemValid":false,"selfSwitchCh":"A","selfSwitchValid":false,"switch1Id":1,"switch1Valid":false,"switch2Id":1,"switch2Valid":false,"variableId":1,"variableValid":false,"variableValue":0},"directionFix":false,"image":{"tileId":537,"characterName":"","characterIndex":0,"direction":2,"pattern":0},"list":[{"code":101,"indent":0,"parameters":["",0,0,2]},{"code":401,"indent":0,"parameters":["Some sort of storage container."]},{"code":401,"indent":0,"parameters":["Aren't these meant to be stacked?"]},{"code":0,"indent":0,"parameters":[]}],"moveFrequency":3,"moveRoute":{"list":[{"code":0,"parameters":[]}],"repeat":true,"skippable":false,"wait":false},"moveSpeed":3,"moveType":0,"priorityType":1,"stepAnime":false,"through":false,"trigger":0,"walkAnime":true}],"x":14,"y":5},
{"id":21,"name":"EV021","note":"","pages":[{"conditions":{"actorId":1,"actorValid":false,"itemId":1,"itemValid":false,"selfSwitchCh":"A","selfSwitchValid":false,"switch1Id":1,"switch1Valid":false,"switch2Id":1,"switch2Valid":false,"variableId":1,"variableValid":false,"variableValue":0},"directionFix":false,"image":{"tileId":528,"characterName":"","characterIndex":0,"direction":2,"pattern":0},"list":[{"code":101,"indent":0,"parameters":["",0,0,2]},{"code":401,"indent":0,"parameters":["Some sort of storage container."]},{"code":401,"indent":0,"parameters":["Aren't these meant to be stacked?"]},{"code":0,"indent":0,"parameters":[]}],"moveFrequency":3,"moveRoute":{"list":[{"code":0,"parameters":[]}],"repeat":true,"skippable":false,"wait":false},"moveSpeed":3,"moveType":0,"priorityType":1,"stepAnime":false,"through":false,"trigger":0,"walkAnime":true}],"x":14,"y":8},
{"id":22,"name":"EV022","note":"","pages":[{"conditions":{"actorId":1,"actorValid":false,"itemId":1,"itemValid":false,"selfSwitchCh":"A","selfSwitchValid":false,"switch1Id":1,"switch1Valid":false,"switch2Id":1,"switch2Valid":false,"variableId":1,"variableValid":false,"variableValue":0},"directionFix":false,"image":{"characterIndex":0,"characterName":"","direction":2,"pattern":0,"tileId":0},"list":[{"code":101,"indent":0,"parameters":["",0,0,2]},{"code":401,"indent":0,"parameters":["Some sort of signaling device that we used to mark"]},{"code":401,"indent":0,"parameters":["potentially habitable planets."]},{"code":0,"indent":0,"parameters":[]}],"moveFrequency":3,"moveRoute":{"list":[{"code":0,"parameters":[]}],"repeat":true,"skippable":false,"wait":false},"moveSpeed":3,"moveType":0,"priorityType":1,"stepAnime":false,"through":false,"trigger":0,"walkAnime":true}],"x":9,"y":3},
{"id":23,"name":"EV023","note":"","pages":[{"conditions":{"actorId":1,"actorValid":false,"itemId":1,"itemValid":false,"selfSwitchCh":"A","selfSwitchValid":false,"switch1Id":1,"switch1Valid":false,"switch2Id":1,"switch2Valid":false,"variableId":1,"variableValid":false,"variableValue":0},"directionFix":false,"image":{"characterIndex":0,"characterName":"","direction":2,"pattern":0,"tileId":0},"list":[{"code":101,"indent":0,"parameters":["",0,0,2]},{"code":401,"indent":0,"parameters":["Some sort of signaling device that we used to mark"]},{"code":401,"indent":0,"parameters":["potentially habitable planets."]},{"code":0,"indent":0,"parameters":[]}],"moveFrequency":3,"moveRoute":{"list":[{"code":0,"parameters":[]}],"repeat":true,"skippable":false,"wait":false},"moveSpeed":3,"moveType":0,"priorityType":1,"stepAnime":false,"through":false,"trigger":0,"walkAnime":true}],"x":9,"y":2},
{"id":24,"name":"EV024","note":"","pages":[{"conditions":{"actorId":1,"actorValid":false,"itemId":1,"itemValid":false,"selfSwitchCh":"A","selfSwitchValid":false,"switch1Id":1,"switch1Valid":false,"switch2Id":1,"switch2Valid":false,"variableId":1,"variableValid":false,"variableValue":0},"directionFix":false,"image":{"characterIndex":0,"characterName":"","direction":2,"pattern":0,"tileId":0},"list":[{"code":101,"indent":0,"parameters":["",0,0,2]},{"code":401,"indent":0,"parameters":["Some sort of signaling device that we used to mark"]},{"code":401,"indent":0,"parameters":["potentially habitable planets."]},{"code":0,"indent":0,"parameters":[]}],"moveFrequency":3,"moveRoute":{"list":[{"code":0,"parameters":[]}],"repeat":true,"skippable":false,"wait":false},"moveSpeed":3,"moveType":0,"priorityType":1,"stepAnime":false,"through":false,"trigger":0,"walkAnime":true}],"x":13,"y":3},
{"id":25,"name":"EV025","note":"","pages":[{"conditions":{"actorId":1,"actorValid":false,"itemId":1,"itemValid":false,"selfSwitchCh":"A","selfSwitchValid":false,"switch1Id":1,"switch1Valid":false,"switch2Id":1,"switch2Valid":false,"variableId":1,"variableValid":false,"variableValue":0},"directionFix":false,"image":{"characterIndex":0,"characterName":"","direction":2,"pattern":0,"tileId":0},"list":[{"code":101,"indent":0,"parameters":["",0,0,2]},{"code":401,"indent":0,"parameters":["Some sort of signaling device that we used to mark"]},{"code":401,"indent":0,"parameters":["potentially habitable planets."]},{"code":0,"indent":0,"parameters":[]}],"moveFrequency":3,"moveRoute":{"list":[{"code":0,"parameters":[]}],"repeat":true,"skippable":false,"wait":false},"moveSpeed":3,"moveType":0,"priorityType":1,"stepAnime":false,"through":false,"trigger":0,"walkAnime":true}],"x":14,"y":6},
{"id":26,"name":"Noah_Scene5_Cargo","note":"","pages":[{"conditions":{"actorId":1,"actorValid":false,"itemId":1,"itemValid":false,"selfSwitchCh":"A","selfSwitchValid":false,"switch1Id":15,"switch1Valid":true,"switch2Id":1,"switch2Valid":false,"variableId":1,"variableValid":false,"variableValue":0},"directionFix":false,"image":{"characterIndex":0,"characterName":"","direction":2,"pattern":0,"tileId":0},"list":[{"code":203,"indent":0,"parameters":[0,0,1,4,0]},{"code":205,"indent":0,"parameters":[4,{"list":[{"code":41,"parameters":["$Noah",0],"indent":null},{"code":3,"indent":null},{"code":0}],"repeat":false,"skippable":false,"wait":false}]},{"code":505,"indent":0,"parameters":[{"code":41,"parameters":["$Noah",0],"indent":null}]},{"code":505,"indent":0,"parameters":[{"code":3,"indent":null}]},{"code":222,"indent":0,"parameters":[]},{"code":111,"indent":0,"parameters":[0,5,0]},{"code":230,"indent":1,"parameters":[30]},{"code":356,"indent":1,"parameters":["BUST RIGHT TRUE"]},{"code":101,"indent":1,"parameters":["Noah",0,1,2]},{"code":401,"indent":1,"parameters":["AH!"]},{"code":205,"indent":1,"parameters":[4,{"list":[{"code":3,"indent":null},{"code":1,"indent":null},{"code":3,"indent":null},{"code":3,"indent":null},{"code":0}],"repeat":false,"skippable":true,"wait":false}]},{"code":505,"indent":1,"parameters":[{"code":3,"indent":null}]},{"code":505,"indent":1,"parameters":[{"code":1,"indent":null}]},{"code":505,"indent":1,"parameters":[{"code":3,"indent":null}]},{"code":505,"indent":1,"parameters":[{"code":3,"indent":null}]},{"code":230,"indent":1,"parameters":[30]},{"code":356,"indent":1,"parameters":["BUST RIGHT TRUE"]},{"code":101,"indent":1,"parameters":["Noah",0,1,2]},{"code":401,"indent":1,"parameters":["See here?"]},{"code":205,"indent":1,"parameters":[-1,{"list":[{"code":3,"indent":null},{"code":3,"indent":null},{"code":3,"indent":null},{"code":3,"indent":null},{"code":0}],"repeat":false,"skippable":false,"wait":false}]},{"code":505,"indent":1,"parameters":[{"code":3,"indent":null}]},{"code":505,"indent":1,"parameters":[{"code":3,"indent":null}]},{"code":505,"indent":1,"parameters":[{"code":3,"indent":null}]},{"code":505,"indent":1,"parameters":[{"code":3,"indent":null}]},{"code":230,"indent":1,"parameters":[30]},{"code":356,"indent":1,"parameters":["BUST LEFT FALSE"]},{"code":101,"indent":1,"parameters":["Lira",2,1,2]},{"code":401,"indent":1,"parameters":["Is it that wire?"]},{"code":230,"indent":1,"parameters":[30]},{"code":356,"indent":1,"parameters":["BUST RIGHT TRUE"]},{"code":101,"indent":1,"parameters":["Noah",0,1,2]},{"code":401,"indent":1,"parameters":["Yeah. This wire’s damaged. Looks like it's "]},{"code":401,"indent":1,"parameters":["been breaking open under the weight of the "]},{"code":401,"indent":1,"parameters":["boxes."]},{"code":101,"indent":1,"parameters":["Noah",0,1,2]},{"code":401,"indent":1,"parameters":["Fortunately, I think you were the one who "]},{"code":401,"indent":1,"parameters":["set some of these boxes aside yesterday, so "]},{"code":401,"indent":1,"parameters":["it could have been much worse."]},{"code":230,"indent":1,"parameters":[30]},{"code":356,"indent":1,"parameters":["BUST LEFT FALSE"]},{"code":101,"indent":1,"parameters":["Lira",0,1,2]},{"code":401,"indent":1,"parameters":["Huh! Lucky then, eh?"]},{"code":230,"indent":1,"parameters":[30]},{"code":356,"indent":1,"parameters":["BUST RIGHT TRUE"]},{"code":101,"indent":1,"parameters":["Noah",0,1,2]},{"code":401,"indent":1,"parameters":["Yeah. Fortunately this shouldn’t be too "]},{"code":401,"indent":1,"parameters":["difficult to fix, just gotta move the wire "]},{"code":401,"indent":1,"parameters":["and patch it up, and we should be good! "]},{"code":230,"indent":1,"parameters":[30]},{"code":356,"indent":1,"parameters":["BUST LEFT FALSE"]},{"code":101,"indent":1,"parameters":["Lira",0,1,2]},{"code":401,"indent":1,"parameters":["So it’s nothing serious?"]},{"code":230,"indent":1,"parameters":[30]},{"code":356,"indent":1,"parameters":["BUST RIGHT TRUE"]},{"code":101,"indent":1,"parameters":["Noah",0,1,2]},{"code":401,"indent":1,"parameters":["Nope!"]},{"code":230,"indent":1,"parameters":[30]},{"code":356,"indent":1,"parameters":["BUST LEFT FALSE"]},{"code":101,"indent":1,"parameters":["Lira",0,1,2]},{"code":401,"indent":1,"parameters":["Thank God."]},{"code":230,"indent":1,"parameters":[30]},{"code":356,"indent":1,"parameters":["BUST RIGHT TRUE"]},{"code":101,"indent":1,"parameters":["Noah",0,1,2]},{"code":401,"indent":1,"parameters":["You should let the others know, then go get "]},{"code":401,"indent":1,"parameters":["some rest. "]},{"code":230,"indent":1,"parameters":[30]},{"code":356,"indent":1,"parameters":["BUST LEFT FALSE"]},{"code":101,"indent":1,"parameters":["Lira",0,1,2]},{"code":401,"indent":1,"parameters":["Mkay!"]},{"code":221,"indent":1,"parameters":[]},{"code":201,"indent":1,"parameters":[0,22,3,10,8,0]},{"code":121,"indent":1,"parameters":[15,15,1]},{"code":121,"indent":1,"parameters":[18,18,0]},{"code":222,"indent":1,"parameters":[]},{"code":0,"indent":1,"parameters":[]},{"code":411,"indent":0,"parameters":[]},{"code":230,"indent":1,"parameters":[30]},{"code":356,"indent":1,"parameters":["BUST RIGHT TRUE"]},{"code":101,"indent":1,"parameters":["Noah",0,1,2]},{"code":401,"indent":1,"parameters":["AH!"]},{"code":205,"indent":1,"parameters":[4,{"list":[{"code":29,"parameters":[5],"indent":0},{"code":3,"indent":null},{"code":3,"indent":null},{"code":1,"indent":null},{"code":3,"indent":null},{"code":3,"indent":null},{"code":0}],"repeat":false,"skippable":false,"wait":false}]},{"code":505,"indent":1,"parameters":[{"code":29,"parameters":[5],"indent":0}]},{"code":505,"indent":1,"parameters":[{"code":3,"indent":null}]},{"code":505,"indent":1,"parameters":[{"code":3,"indent":null}]},{"code":505,"indent":1,"parameters":[{"code":1,"indent":null}]},{"code":505,"indent":1,"parameters":[{"code":3,"indent":null}]},{"code":505,"indent":1,"parameters":[{"code":3,"indent":null}]},{"code":230,"indent":1,"parameters":[30]},{"code":356,"indent":1,"parameters":["BUST RIGHT TRUE"]},{"code":101,"indent":1,"parameters":["Noah",0,1,2]},{"code":401,"indent":1,"parameters":["See here?"]},{"code":205,"indent":1,"parameters":[-1,{"list":[{"code":3,"indent":null},{"code":3,"indent":null},{"code":3,"indent":null},{"code":3,"indent":null},{"code":0}],"repeat":false,"skippable":false,"wait":false}]},{"code":505,"indent":1,"parameters":[{"code":3,"indent":null}]},{"code":505,"indent":1,"parameters":[{"code":3,"indent":null}]},{"code":505,"indent":1,"parameters":[{"code":3,"indent":null}]},{"code":505,"indent":1,"parameters":[{"code":3,"indent":null}]},{"code":230,"indent":1,"parameters":[30]},{"code":356,"indent":1,"parameters":["BUST LEFT FALSE"]},{"code":101,"indent":1,"parameters":["Lira",2,1,2]},{"code":401,"indent":1,"parameters":["Is it that wire?"]},{"code":230,"indent":1,"parameters":[30]},{"code":356,"indent":1,"parameters":["BUST RIGHT TRUE"]},{"code":101,"indent":1,"parameters":["Noah",2,1,2]},{"code":401,"indent":1,"parameters":["Yeah. It was being crushed under the weight "]},{"code":401,"indent":1,"parameters":["of some boxes. We could have spotted this "]},{"code":401,"indent":1,"parameters":["yesterday if you helped me. Damnit!"]},{"code":230,"indent":1,"parameters":[30]},{"code":356,"indent":1,"parameters":["BUST LEFT FALSE"]},{"code":101,"indent":1,"parameters":["Lira",3,1,2]},{"code":401,"indent":1,"parameters":["Shit… is it really bad?"]},{"code":230,"indent":1,"parameters":[30]},{"code":356,"indent":1,"parameters":["BUST RIGHT TRUE"]},{"code":101,"indent":1,"parameters":["Noah",3,1,2]},{"code":401,"indent":1,"parameters":["No, no. It’s salvageable. Just- go out, "]},{"code":401,"indent":1,"parameters":["tell the rest it’s alright. It should be "]},{"code":401,"indent":1,"parameters":["fine."]},{"code":230,"indent":1,"parameters":[30]},{"code":356,"indent":1,"parameters":["BUST LEFT FALSE"]},{"code":101,"indent":1,"parameters":["Lira",3,1,2]},{"code":401,"indent":1,"parameters":["A-alright. Is there anything else I can do?"]},{"code":230,"indent":1,"parameters":[30]},{"code":356,"indent":1,"parameters":["BUST RIGHT TRUE"]},{"code":101,"indent":1,"parameters":["Noah",1,1,2]},{"code":401,"indent":1,"parameters":["No. You can go get some rest. I doubt "]},{"code":401,"indent":1,"parameters":["there’ll be much that can be done today."]},{"code":230,"indent":1,"parameters":[30]},{"code":356,"indent":1,"parameters":["BUST LEFT FALSE"]},{"code":101,"indent":1,"parameters":["Lira",3,1,2]},{"code":401,"indent":1,"parameters":["Alright then."]},{"code":0,"indent":1,"parameters":[]},{"code":412,"indent":0,"parameters":[]},{"code":221,"indent":0,"parameters":[]},{"code":201,"indent":0,"parameters":[0,22,3,10,8,0]},{"code":121,"indent":0,"parameters":[15,15,1]},{"code":121,"indent":0,"parameters":[18,18,0]},{"code":222,"indent":0,"parameters":[]},{"code":0,"indent":0,"parameters":[]}],"moveFrequency":3,"moveRoute":{"list":[{"code":0,"parameters":[]}],"repeat":true,"skippable":false,"wait":false},"moveSpeed":4,"moveType":0,"priorityType":0,"stepAnime":false,"through":false,"trigger":3,"walkAnime":true}],"x":0,"y":2}
]
}