{
"autoplayBgm":false,"autoplayBgs":false,"battleback1Name":"","battleback2Name":"","bgm":{"name":"","pan":0,"pitch":100,"volume":90},"bgs":{"name":"","pan":0,"pitch":100,"volume":90},"disableDashing":false,"displayName":"Greenhouse","encounterList":[],"encounterStep":30,"height":9,"note":"","parallaxLoopX":true,"parallaxLoopY":false,"parallaxName":"WarpDrive","parallaxShow":true,"parallaxSx":30,"parallaxSy":0,"scrollType":0,"specifyBattleback":false,"tilesetId":2,"width":10,
"data":[5703,7139,7138,7138,7138,7138,7142,5703,1536,1536,5701,7137,7136,7136,7136,7136,7140,5701,1536,1536,5701,7145,7144,7144,7144,7144,7148,5701,1536,1536,5701,1559,1559,1559,1559,1559,1559,5709,5703,1536,5701,1559,1559,1559,1559,1559,1559,1559,5701,1536,5709,1559,1559,1559,1559,1559,1559,1559,5709,5703,6020,1559,1559,1559,1559,1559,1559,1559,1559,5701,6022,1559,1559,1559,1559,1559,1559,1559,1559,5701,5707,5706,5706,5706,5706,5706,5706,5706,5710,5709,0,0,0,0,0,0,0,0,0,0,0,0,0,0,0,0,0,0,0,0,0,0,0,0,0,0,0,0,0,0,0,0,0,0,0,0,0,0,0,0,0,0,0,0,0,0,0,0,0,0,0,0,0,0,0,0,0,0,0,0,0,0,0,0,0,0,0,0,0,0,0,0,0,0,0,0,0,0,0,0,0,0,0,0,0,0,0,0,0,0,0,0,0,0,0,0,0,0,0,0,0,0,0,0,0,0,0,0,0,0,0,0,0,0,0,0,0,0,0,0,0,0,0,0,0,0,0,0,0,0,0,0,0,0,0,0,0,0,0,0,0,0,0,0,0,0,0,0,0,0,0,0,0,0,0,0,0,0,0,0,0,0,0,0,0,0,0,0,0,0,0,0,0,0,0,0,0,0,0,0,0,0,0,0,0,0,0,0,0,0,0,0,0,0,0,0,0,0,0,0,0,0,0,0,0,0,726,0,0,0,0,0,0,0,641,0,734,0,0,0,0,0,650,0,649,0,0,742,0,0,0,0,649,0,0,0,0,750,0,0,0,0,0,0,0,642,0,0,725,0,0,0,0,0,0,649,0,0,733,0,0,0,0,0,0,0,0,0,0,0,0,0,0,0,0,0,0,0,0,0,0,0,0,0,0,0,0,0,5,0,0,0,0,0,0,0,0,0,5,0,0,5,0,0,0,0,0,0,0,0,0,5,0,0,0,0,0,0,0,5,0,5,0,0,0,0,0,0,0,0,0,5,0,0,0,0,0,0,0,0,0,5,0,0,0,0,0,0,0,0,0,0,0,0,0,0,0,0,0,0,0,0,0,0,0,0,0,0,0,0,0,0,0,0,0,0,0,0,0,0,0,0,0,0,0,0,0,0,0,0,0,0,0,0,0,0,0,0,0,0,0,0,0,0,0,0,0,0,0,0,0,0,0,0,0,0,0,0,0,0,0,0,0,0,0,0,0,0,0,0,0,0,0,0,0,0,0,0,0,0,0,0,0,0,0,0,0,0,0,0],
"events":[
null,
{"id":1,"name":"EV001","note":"","pages":[{"conditions":{"actorId":1,"actorValid":false,"itemId":1,"itemValid":false,"selfSwitchCh":"A","selfSwitchValid":false,"switch1Id":1,"switch1Valid":false,"switch2Id":1,"switch2Valid":false,"variableId":1,"variableValid":false,"variableValue":0},"directionFix":false,"image":{"characterIndex":0,"characterName":"","direction":2,"pattern":0,"tileId":0},"list":[{"code":250,"indent":0,"parameters":[{"name":"Move1","pan":0,"pitch":100,"volume":90}]},{"code":201,"indent":0,"parameters":[0,20,12,7,4,0]},{"code":0,"indent":0,"parameters":[]}],"moveFrequency":3,"moveRoute":{"list":[{"code":0,"parameters":[]}],"repeat":true,"skippable":false,"wait":false},"moveSpeed":3,"moveType":0,"priorityType":1,"stepAnime":false,"through":false,"trigger":1,"walkAnime":true}],"x":0,"y":7},
{"id":2,"name":"EV002","note":"","pages":[{"conditions":{"actorId":1,"actorValid":false,"itemId":1,"itemValid":false,"selfSwitchCh":"A","selfSwitchValid":false,"switch1Id":1,"switch1Valid":false,"switch2Id":1,"switch2Valid":false,"variableId":1,"variableValid":false,"variableValue":0},"directionFix":false,"image":{"characterIndex":0,"characterName":"","direction":2,"pattern":0,"tileId":0},"list":[{"code":250,"indent":0,"parameters":[{"name":"Move1","pan":0,"pitch":100,"volume":90}]},{"code":201,"indent":0,"parameters":[0,20,12,6,4,0]},{"code":0,"indent":0,"parameters":[]}],"moveFrequency":3,"moveRoute":{"list":[{"code":0,"parameters":[]}],"repeat":true,"skippable":false,"wait":false},"moveSpeed":3,"moveType":0,"priorityType":1,"stepAnime":false,"through":false,"trigger":1,"walkAnime":true}],"x":0,"y":6},
{"id":3,"name":"Alern_Scene3","note":"","pages":[{"conditions":{"actorId":1,"actorValid":false,"itemId":1,"itemValid":false,"selfSwitchCh":"A","selfSwitchValid":false,"switch1Id":6,"switch1Valid":true,"switch2Id":1,"switch2Valid":false,"variableId":1,"variableValid":false,"variableValue":0},"directionFix":false,"image":{"tileId":0,"characterName":"$Alern","direction":6,"pattern":1,"characterIndex":0},"list":[{"code":205,"indent":0,"parameters":[0,{"list":[{"code":10,"indent":null},{"code":10,"indent":null},{"code":10,"indent":null},{"code":10,"indent":null},{"code":0}],"repeat":false,"skippable":true,"wait":true}]},{"code":505,"indent":0,"parameters":[{"code":10,"indent":null}]},{"code":505,"indent":0,"parameters":[{"code":10,"indent":null}]},{"code":505,"indent":0,"parameters":[{"code":10,"indent":null}]},{"code":505,"indent":0,"parameters":[{"code":10,"indent":null}]},{"code":222,"indent":0,"parameters":[]},{"code":230,"indent":0,"parameters":[30]},{"code":356,"indent":0,"parameters":["BUST RIGHT TRUE"]},{"code":101,"indent":0,"parameters":["Alern",1,1,2]},{"code":401,"indent":0,"parameters":["Communing with nature, hm?"]},{"code":205,"indent":0,"parameters":[-1,{"list":[{"code":17,"indent":null},{"code":0}],"repeat":false,"skippable":false,"wait":true}]},{"code":505,"indent":0,"parameters":[{"code":17,"indent":null}]},{"code":213,"indent":0,"parameters":[-1,1,true]},{"code":230,"indent":0,"parameters":[30]},{"code":356,"indent":0,"parameters":["BUST LEFT FALSE"]},{"code":101,"indent":0,"parameters":["Lira",2,1,2]},{"code":401,"indent":0,"parameters":["Huh? Oh, Alern!"]},{"code":230,"indent":0,"parameters":[30]},{"code":356,"indent":0,"parameters":["BUST RIGHT TRUE"]},{"code":101,"indent":0,"parameters":["Alern",3,1,2]},{"code":401,"indent":0,"parameters":["You seem surprised. Not expecting me?"]},{"code":230,"indent":0,"parameters":[30]},{"code":356,"indent":0,"parameters":["BUST LEFT FALSE"]},{"code":101,"indent":0,"parameters":["Lira",2,1,2]},{"code":401,"indent":0,"parameters":["Oh no, it’s not that, I was just uh… deep "]},{"code":401,"indent":0,"parameters":["in thought."]},{"code":230,"indent":0,"parameters":[30]},{"code":356,"indent":0,"parameters":["BUST RIGHT TRUE"]},{"code":101,"indent":0,"parameters":["Alern",3,1,2]},{"code":401,"indent":0,"parameters":["Hah! That’s new. Of all the people on this "]},{"code":401,"indent":0,"parameters":["ship, yer the last one I expected to be "]},{"code":401,"indent":0,"parameters":["reflecting. What’s on your mind, friend?"]},{"code":230,"indent":0,"parameters":[30]},{"code":356,"indent":0,"parameters":["BUST LEFT FALSE"]},{"code":101,"indent":0,"parameters":["Lira",3,1,2]},{"code":401,"indent":0,"parameters":["Ah It’s not much. Just… thinking of "]},{"code":401,"indent":0,"parameters":["family, back home."]},{"code":230,"indent":0,"parameters":[30]},{"code":356,"indent":0,"parameters":["BUST RIGHT TRUE"]},{"code":101,"indent":0,"parameters":["Alern",1,1,2]},{"code":401,"indent":0,"parameters":["Oh? "]},{"code":230,"indent":0,"parameters":[30]},{"code":356,"indent":0,"parameters":["BUST LEFT FALSE"]},{"code":101,"indent":0,"parameters":["Lira",3,1,2]},{"code":401,"indent":0,"parameters":["Yeah! My sister brought it up yesterday "]},{"code":401,"indent":0,"parameters":["and, well, I guess it’s been on my mind "]},{"code":401,"indent":0,"parameters":["since."]},{"code":230,"indent":0,"parameters":[30]},{"code":356,"indent":0,"parameters":["BUST RIGHT TRUE"]},{"code":101,"indent":0,"parameters":["Alern",0,1,2]},{"code":401,"indent":0,"parameters":["Alright, lay it on me. If it’s something "]},{"code":401,"indent":0,"parameters":["bothering you of all people, "]},{"code":401,"indent":0,"parameters":["it’s probably serious."]},{"code":230,"indent":0,"parameters":[30]},{"code":356,"indent":0,"parameters":["BUST LEFT FALSE"]},{"code":101,"indent":0,"parameters":["Lira",2,1,2]},{"code":401,"indent":0,"parameters":["Heh, is that really how I come off?"]},{"code":230,"indent":0,"parameters":[30]},{"code":356,"indent":0,"parameters":["BUST RIGHT TRUE"]},{"code":101,"indent":0,"parameters":["Alern",3,1,2]},{"code":401,"indent":0,"parameters":["What do you mean?"]},{"code":230,"indent":0,"parameters":[30]},{"code":356,"indent":0,"parameters":["BUST LEFT FALSE"]},{"code":101,"indent":0,"parameters":["Lira",3,1,2]},{"code":401,"indent":0,"parameters":["I dunno, I just get the feeling you see me "]},{"code":401,"indent":0,"parameters":["as some sort of… creature who doesn’t care"]},{"code":401,"indent":0,"parameters":["about anything."]},{"code":230,"indent":0,"parameters":[30]},{"code":356,"indent":0,"parameters":["BUST RIGHT TRUE"]},{"code":101,"indent":0,"parameters":["Alern",3,1,2]},{"code":401,"indent":0,"parameters":["Oh that’s not it at all! I just see you as "]},{"code":401,"indent":0,"parameters":["someone more laid-back and relaxed, I "]},{"code":401,"indent":0,"parameters":["suppose. "]},{"code":230,"indent":0,"parameters":[30]},{"code":356,"indent":0,"parameters":["BUST RIGHT TRUE"]},{"code":101,"indent":0,"parameters":["Alern",3,1,2]},{"code":401,"indent":0,"parameters":["The kind of person who doesn’t let "]},{"code":401,"indent":0,"parameters":["themselves be too affected by the worries "]},{"code":401,"indent":0,"parameters":["of life."]},{"code":230,"indent":0,"parameters":[30]},{"code":356,"indent":0,"parameters":["BUST LEFT FALSE"]},{"code":101,"indent":0,"parameters":["Lira",3,1,2]},{"code":401,"indent":0,"parameters":["Mmh well you’re not entirely wrong. I do "]},{"code":401,"indent":0,"parameters":["try to be more relaxed but that's part of "]},{"code":401,"indent":0,"parameters":["why I wanted to get on this ship."]},{"code":101,"indent":0,"parameters":["Lira",3,1,2]},{"code":401,"indent":0,"parameters":["Most of the things that really do concern "]},{"code":401,"indent":0,"parameters":["me are back home. It’s my family, you see."]},{"code":230,"indent":0,"parameters":[30]},{"code":356,"indent":0,"parameters":["BUST RIGHT TRUE"]},{"code":101,"indent":0,"parameters":["Alern",1,1,2]},{"code":401,"indent":0,"parameters":["Oh… Not the most pleasant bunch?"]},{"code":230,"indent":0,"parameters":[30]},{"code":356,"indent":0,"parameters":["BUST LEFT FALSE"]},{"code":101,"indent":0,"parameters":["Lira",3,1,2]},{"code":401,"indent":0,"parameters":["The contrary. They’re awesome. It’s just… "]},{"code":401,"indent":0,"parameters":["I always feel like I’m failing them."]},{"code":230,"indent":0,"parameters":[30]},{"code":356,"indent":0,"parameters":["BUST RIGHT TRUE"]},{"code":101,"indent":0,"parameters":["Alern",0,1,2]},{"code":401,"indent":0,"parameters":["How so?"]},{"code":230,"indent":0,"parameters":[30]},{"code":356,"indent":0,"parameters":["BUST LEFT FALSE"]},{"code":101,"indent":0,"parameters":["Lira",3,1,2]},{"code":401,"indent":0,"parameters":["I don’t know. it’s like, do you know how if "]},{"code":401,"indent":0,"parameters":["someone does something nice to you, you "]},{"code":401,"indent":0,"parameters":["want to do something for them as well?"]},{"code":230,"indent":0,"parameters":[30]},{"code":356,"indent":0,"parameters":["BUST RIGHT TRUE"]},{"code":101,"indent":0,"parameters":["Alern",2,1,2]},{"code":401,"indent":0,"parameters":["Mhm."]},{"code":230,"indent":0,"parameters":[30]},{"code":356,"indent":0,"parameters":["BUST LEFT FALSE"]},{"code":101,"indent":0,"parameters":["Lira",3,1,2]},{"code":401,"indent":0,"parameters":["I feel like I should always be doing "]},{"code":401,"indent":0,"parameters":["something to make up for the wonderful life "]},{"code":401,"indent":0,"parameters":["they’ve given me. It’s entirely self-"]},{"code":401,"indent":0,"parameters":["imposed, but the pressure is there."]},{"code":230,"indent":0,"parameters":[30]},{"code":356,"indent":0,"parameters":["BUST RIGHT TRUE"]},{"code":101,"indent":0,"parameters":["Alern",0,1,2]},{"code":401,"indent":0,"parameters":["I understand that. You always did seem the empathetic "]},{"code":401,"indent":0,"parameters":["type."]},{"code":230,"indent":0,"parameters":[30]},{"code":356,"indent":0,"parameters":["BUST LEFT FALSE"]},{"code":101,"indent":0,"parameters":["Lira",3,1,2]},{"code":401,"indent":0,"parameters":["Mmh. Anyways, It was killing me, so I ran "]},{"code":401,"indent":0,"parameters":["away. Far, far away. But now we’re coming "]},{"code":401,"indent":0,"parameters":["back and I can't help but wonder if it was "]},{"code":401,"indent":0,"parameters":["worth it."]},{"code":230,"indent":0,"parameters":[30]},{"code":356,"indent":0,"parameters":["BUST RIGHT TRUE"]},{"code":101,"indent":0,"parameters":["Alern",1,1,2]},{"code":401,"indent":0,"parameters":["Tell me, Lira, do you love your family?"]},{"code":230,"indent":0,"parameters":[30]},{"code":356,"indent":0,"parameters":["BUST LEFT FALSE"]},{"code":101,"indent":0,"parameters":["Lira",3,1,2]},{"code":401,"indent":0,"parameters":["Of course I do."]},{"code":230,"indent":0,"parameters":[30]},{"code":356,"indent":0,"parameters":["BUST RIGHT TRUE"]},{"code":101,"indent":0,"parameters":["Alern",0,1,2]},{"code":401,"indent":0,"parameters":["Then why did you run away?"]},{"code":230,"indent":0,"parameters":[30]},{"code":356,"indent":0,"parameters":["BUST LEFT FALSE"]},{"code":101,"indent":0,"parameters":["Lira",3,1,2]},{"code":401,"indent":0,"parameters":["Because I…"]},{"code":230,"indent":0,"parameters":[30]},{"code":101,"indent":0,"parameters":["Lira",3,1,2]},{"code":401,"indent":0,"parameters":["…"]},{"code":230,"indent":0,"parameters":[30]},{"code":356,"indent":0,"parameters":["BUST RIGHT TRUE"]},{"code":101,"indent":0,"parameters":["Alern",3,1,2]},{"code":401,"indent":0,"parameters":["Don’t you think that was a little selfish "]},{"code":401,"indent":0,"parameters":["of you? I’m sure they enjoyed being "]},{"code":401,"indent":0,"parameters":["with you too."]},{"code":230,"indent":0,"parameters":[30]},{"code":356,"indent":0,"parameters":["BUST LEFT FALSE"]},{"code":101,"indent":0,"parameters":["Lira",3,1,2]},{"code":401,"indent":0,"parameters":["M-maybe. Maybe I was selfish."]},{"code":230,"indent":0,"parameters":[30]},{"code":356,"indent":0,"parameters":["BUST RIGHT TRUE"]},{"code":101,"indent":0,"parameters":["Alern",0,1,2]},{"code":401,"indent":0,"parameters":["But you don’t think so, do you?"]},{"code":230,"indent":0,"parameters":[30]},{"code":356,"indent":0,"parameters":["BUST LEFT FALSE"]},{"code":101,"indent":0,"parameters":["Lira",3,1,2]},{"code":401,"indent":0,"parameters":["I guess not, no."]},{"code":230,"indent":0,"parameters":[30]},{"code":356,"indent":0,"parameters":["BUST RIGHT TRUE"]},{"code":101,"indent":0,"parameters":["Alern",1,1,2]},{"code":401,"indent":0,"parameters":["And why is that?"]},{"code":230,"indent":0,"parameters":[30]},{"code":356,"indent":0,"parameters":["BUST LEFT FALSE"]},{"code":101,"indent":0,"parameters":["Lira",3,1,2]},{"code":401,"indent":0,"parameters":["Because… I suppose, in some way, I did "]},{"code":401,"indent":0,"parameters":["this for them."]},{"code":230,"indent":0,"parameters":[30]},{"code":356,"indent":0,"parameters":["BUST RIGHT TRUE"]},{"code":101,"indent":0,"parameters":["Alern",1,1,2]},{"code":401,"indent":0,"parameters":["Did you? Or did you do it for yourself?"]},{"code":230,"indent":0,"parameters":[30]},{"code":356,"indent":0,"parameters":["BUST LEFT FALSE"]},{"code":101,"indent":0,"parameters":["Lira",3,1,2]},{"code":401,"indent":0,"parameters":["I don’t think I understand what you’re "]},{"code":401,"indent":0,"parameters":["saying…"]},{"code":230,"indent":0,"parameters":[30]},{"code":356,"indent":0,"parameters":["BUST RIGHT TRUE"]},{"code":101,"indent":0,"parameters":["Alern",0,1,2]},{"code":401,"indent":0,"parameters":["Just think about it for a little bit."]},{"code":230,"indent":0,"parameters":[30]},{"code":356,"indent":0,"parameters":["BUST LEFT FALSE"]},{"code":101,"indent":0,"parameters":["Lira",2,1,2]},{"code":401,"indent":0,"parameters":["Hm."]},{"code":230,"indent":0,"parameters":[90]},{"code":230,"indent":0,"parameters":[30]},{"code":356,"indent":0,"parameters":["BUST RIGHT TRUE"]},{"code":101,"indent":0,"parameters":["Alern",2,1,2]},{"code":401,"indent":0,"parameters":["Well, I have to tend to my plants. "]},{"code":401,"indent":0,"parameters":["Try not to worry yourself so much, "]},{"code":401,"indent":0,"parameters":["alright?"]},{"code":230,"indent":0,"parameters":[30]},{"code":356,"indent":0,"parameters":["BUST LEFT FALSE"]},{"code":101,"indent":0,"parameters":["Lira",3,1,2]},{"code":401,"indent":0,"parameters":["Ah, right, yeah. Thanks Alern. I appreciate "]},{"code":401,"indent":0,"parameters":["it."]},{"code":205,"indent":0,"parameters":[3,{"list":[{"code":1,"indent":null},{"code":18,"indent":null},{"code":0}],"repeat":false,"skippable":false,"wait":true}]},{"code":505,"indent":0,"parameters":[{"code":1,"indent":null}]},{"code":505,"indent":0,"parameters":[{"code":18,"indent":null}]},{"code":121,"indent":0,"parameters":[11,11,0]},{"code":121,"indent":0,"parameters":[7,7,0]},{"code":121,"indent":0,"parameters":[22,22,1]},{"code":221,"indent":0,"parameters":[]},{"code":101,"indent":0,"parameters":["",0,2,1]},{"code":401,"indent":0,"parameters":["END OF DAY 2"]},{"code":201,"indent":0,"parameters":[0,9,4,6,0,0]},{"code":222,"indent":0,"parameters":[]},{"code":230,"indent":0,"parameters":[30]},{"code":356,"indent":0,"parameters":["BUST LEFT FALSE"]},{"code":101,"indent":0,"parameters":["Lira",0,1,2]},{"code":401,"indent":0,"parameters":["Right! Seems like we're well on our way home."]},{"code":230,"indent":0,"parameters":[30]},{"code":356,"indent":0,"parameters":["BUST LEFT FALSE"]},{"code":101,"indent":0,"parameters":["Lira",0,1,2]},{"code":401,"indent":0,"parameters":["Oh yeah, Amia called me over."]},{"code":401,"indent":0,"parameters":["I better go check it out. She's"]},{"code":401,"indent":0,"parameters":["probably in our room."]},{"code":121,"indent":0,"parameters":[23,23,0]},{"code":123,"indent":0,"parameters":["A",0]},{"code":0,"indent":0,"parameters":[]}],"moveFrequency":3,"moveRoute":{"list":[{"code":0,"parameters":[]}],"repeat":true,"skippable":false,"wait":false},"moveSpeed":3,"moveType":0,"priorityType":1,"stepAnime":false,"through":false,"trigger":3,"walkAnime":true},{"conditions":{"actorId":1,"actorValid":false,"itemId":1,"itemValid":false,"selfSwitchCh":"A","selfSwitchValid":true,"switch1Id":7,"switch1Valid":false,"switch2Id":1,"switch2Valid":false,"variableId":1,"variableValid":false,"variableValue":0},"directionFix":false,"image":{"tileId":0,"characterName":"","direction":2,"pattern":1,"characterIndex":2},"list":[{"code":0,"indent":0,"parameters":[]}],"moveFrequency":3,"moveRoute":{"list":[{"code":0,"parameters":[]}],"repeat":true,"skippable":false,"wait":false},"moveSpeed":3,"moveType":0,"priorityType":0,"stepAnime":false,"through":false,"trigger":0,"walkAnime":true}],"x":1,"y":6},
{"id":4,"name":"Alern_Scene3Complete","note":"","pages":[{"conditions":{"actorId":1,"actorValid":false,"itemId":1,"itemValid":false,"selfSwitchCh":"A","selfSwitchValid":false,"switch1Id":7,"switch1Valid":true,"switch2Id":22,"switch2Valid":true,"variableId":1,"variableValid":false,"variableValue":0},"directionFix":false,"image":{"tileId":0,"characterName":"$Alern","direction":6,"pattern":1,"characterIndex":0},"list":[{"code":111,"indent":0,"parameters":[0,22,1]},{"code":205,"indent":1,"parameters":[0,{"list":[{"code":41,"parameters":["",0],"indent":null},{"code":0}],"repeat":false,"skippable":false,"wait":false}]},{"code":505,"indent":1,"parameters":[{"code":41,"parameters":["",0],"indent":null}]},{"code":0,"indent":1,"parameters":[]},{"code":412,"indent":0,"parameters":[]},{"code":0,"indent":0,"parameters":[]}],"moveFrequency":3,"moveRoute":{"list":[{"code":0,"parameters":[]}],"repeat":true,"skippable":false,"wait":false},"moveSpeed":3,"moveType":0,"priorityType":1,"stepAnime":false,"through":false,"trigger":0,"walkAnime":true}],"x":4,"y":7},
{"id":5,"name":"EV005","note":"","pages":[{"conditions":{"actorId":1,"actorValid":false,"itemId":1,"itemValid":false,"selfSwitchCh":"A","selfSwitchValid":false,"switch1Id":21,"switch1Valid":false,"switch2Id":1,"switch2Valid":false,"variableId":1,"variableValid":false,"variableValue":0},"directionFix":false,"image":{"characterIndex":0,"characterName":"","direction":2,"pattern":0,"tileId":0},"list":[{"code":101,"indent":0,"parameters":["",0,0,2]},{"code":401,"indent":0,"parameters":["Alern repurposed some of our signal beacons"]},{"code":401,"indent":0,"parameters":["as mobile greenhouses. The incredible power"]},{"code":401,"indent":0,"parameters":["the signals use has been repurposed to give plants"]},{"code":401,"indent":0,"parameters":["life."]},{"code":0,"indent":0,"parameters":[]}],"moveFrequency":3,"moveRoute":{"list":[{"code":0,"parameters":[]}],"repeat":true,"skippable":false,"wait":false},"moveSpeed":3,"moveType":0,"priorityType":1,"stepAnime":false,"through":false,"trigger":0,"walkAnime":true}],"x":2,"y":5},
{"id":6,"name":"EV006","note":"","pages":[{"conditions":{"actorId":1,"actorValid":false,"itemId":1,"itemValid":false,"selfSwitchCh":"A","selfSwitchValid":false,"switch1Id":21,"switch1Valid":false,"switch2Id":1,"switch2Valid":false,"variableId":1,"variableValid":false,"variableValue":0},"directionFix":false,"image":{"characterIndex":0,"characterName":"","direction":2,"pattern":0,"tileId":0},"list":[{"code":101,"indent":0,"parameters":["",0,0,2]},{"code":401,"indent":0,"parameters":["Alern repurposed some of our signal beacons"]},{"code":401,"indent":0,"parameters":["as mobile greenhouses. The incredible power"]},{"code":401,"indent":0,"parameters":["the signals use has been repurposed to give plants"]},{"code":401,"indent":0,"parameters":["life."]},{"code":0,"indent":0,"parameters":[]}],"moveFrequency":3,"moveRoute":{"list":[{"code":0,"parameters":[]}],"repeat":true,"skippable":false,"wait":false},"moveSpeed":3,"moveType":0,"priorityType":1,"stepAnime":false,"through":false,"trigger":0,"walkAnime":true}],"x":2,"y":4},
{"id":7,"name":"EV007","note":"","pages":[{"conditions":{"actorId":1,"actorValid":false,"itemId":1,"itemValid":false,"selfSwitchCh":"A","selfSwitchValid":false,"switch1Id":21,"switch1Valid":false,"switch2Id":1,"switch2Valid":false,"variableId":1,"variableValid":false,"variableValue":0},"directionFix":false,"image":{"characterIndex":0,"characterName":"","direction":2,"pattern":0,"tileId":0},"list":[{"code":101,"indent":0,"parameters":["",0,0,2]},{"code":401,"indent":0,"parameters":["Alern repurposed some of our signal beacons"]},{"code":401,"indent":0,"parameters":["as mobile greenhouses. The incredible power"]},{"code":401,"indent":0,"parameters":["the signals use has been repurposed to give plants"]},{"code":401,"indent":0,"parameters":["life."]},{"code":0,"indent":0,"parameters":[]}],"moveFrequency":3,"moveRoute":{"list":[{"code":0,"parameters":[]}],"repeat":true,"skippable":false,"wait":false},"moveSpeed":3,"moveType":0,"priorityType":1,"stepAnime":false,"through":false,"trigger":0,"walkAnime":true}],"x":4,"y":4},
{"id":8,"name":"EV008","note":"","pages":[{"conditions":{"actorId":1,"actorValid":false,"itemId":1,"itemValid":false,"selfSwitchCh":"A","selfSwitchValid":false,"switch1Id":21,"switch1Valid":false,"switch2Id":1,"switch2Valid":false,"variableId":1,"variableValid":false,"variableValue":0},"directionFix":false,"image":{"characterIndex":0,"characterName":"","direction":2,"pattern":0,"tileId":0},"list":[{"code":101,"indent":0,"parameters":["",0,0,2]},{"code":401,"indent":0,"parameters":["Alern repurposed some of our signal beacons"]},{"code":401,"indent":0,"parameters":["as mobile greenhouses. The incredible power"]},{"code":401,"indent":0,"parameters":["the signals use has been repurposed to give plants"]},{"code":401,"indent":0,"parameters":["life."]},{"code":0,"indent":0,"parameters":[]}],"moveFrequency":3,"moveRoute":{"list":[{"code":0,"parameters":[]}],"repeat":true,"skippable":false,"wait":false},"moveSpeed":3,"moveType":0,"priorityType":1,"stepAnime":false,"through":false,"trigger":0,"walkAnime":true}],"x":4,"y":3},
{"id":9,"name":"EV009","note":"","pages":[{"conditions":{"actorId":1,"actorValid":false,"itemId":1,"itemValid":false,"selfSwitchCh":"A","selfSwitchValid":false,"switch1Id":21,"switch1Valid":false,"switch2Id":1,"switch2Valid":false,"variableId":1,"variableValid":false,"variableValue":0},"directionFix":false,"image":{"characterIndex":0,"characterName":"","direction":2,"pattern":0,"tileId":0},"list":[{"code":101,"indent":0,"parameters":["",0,0,2]},{"code":401,"indent":0,"parameters":["Alern repurposed some of our signal beacons"]},{"code":401,"indent":0,"parameters":["as mobile greenhouses. The incredible power"]},{"code":401,"indent":0,"parameters":["the signals use has been repurposed to give plants"]},{"code":401,"indent":0,"parameters":["life."]},{"code":0,"indent":0,"parameters":[]}],"moveFrequency":3,"moveRoute":{"list":[{"code":0,"parameters":[]}],"repeat":true,"skippable":false,"wait":false},"moveSpeed":3,"moveType":0,"priorityType":1,"stepAnime":false,"through":false,"trigger":0,"walkAnime":true}],"x":5,"y":7},
{"id":10,"name":"EV010","note":"","pages":[{"conditions":{"actorId":1,"actorValid":false,"itemId":1,"itemValid":false,"selfSwitchCh":"A","selfSwitchValid":false,"switch1Id":21,"switch1Valid":false,"switch2Id":1,"switch2Valid":false,"variableId":1,"variableValid":false,"variableValue":0},"directionFix":false,"image":{"characterIndex":0,"characterName":"","direction":2,"pattern":0,"tileId":0},"list":[{"code":101,"indent":0,"parameters":["",0,0,2]},{"code":401,"indent":0,"parameters":["Alern repurposed some of our signal beacons"]},{"code":401,"indent":0,"parameters":["as mobile greenhouses. The incredible power"]},{"code":401,"indent":0,"parameters":["the signals use has been repurposed to give plants"]},{"code":401,"indent":0,"parameters":["life."]},{"code":0,"indent":0,"parameters":[]}],"moveFrequency":3,"moveRoute":{"list":[{"code":0,"parameters":[]}],"repeat":true,"skippable":false,"wait":false},"moveSpeed":3,"moveType":0,"priorityType":1,"stepAnime":false,"through":false,"trigger":0,"walkAnime":true}],"x":5,"y":6},
{"id":11,"name":"EV011","note":"","pages":[{"conditions":{"actorId":1,"actorValid":false,"itemId":1,"itemValid":false,"selfSwitchCh":"A","selfSwitchValid":false,"switch1Id":1,"switch1Valid":false,"switch2Id":1,"switch2Valid":false,"variableId":1,"variableValid":false,"variableValue":0},"directionFix":false,"image":{"characterIndex":0,"characterName":"","direction":2,"pattern":0,"tileId":0},"list":[{"code":101,"indent":0,"parameters":["",0,0,2]},{"code":401,"indent":0,"parameters":["These tanks contain large quantities of oxygen that"]},{"code":401,"indent":0,"parameters":["are automagically pumped throughout the ship via "]},{"code":401,"indent":0,"parameters":["vents."]},{"code":0,"indent":0,"parameters":[]}],"moveFrequency":3,"moveRoute":{"list":[{"code":0,"parameters":[]}],"repeat":true,"skippable":false,"wait":false},"moveSpeed":3,"moveType":0,"priorityType":1,"stepAnime":false,"through":false,"trigger":0,"walkAnime":true}],"x":6,"y":3},
{"id":12,"name":"EV012","note":"","pages":[{"conditions":{"actorId":1,"actorValid":false,"itemId":1,"itemValid":false,"selfSwitchCh":"A","selfSwitchValid":false,"switch1Id":1,"switch1Valid":false,"switch2Id":1,"switch2Valid":false,"variableId":1,"variableValid":false,"variableValue":0},"directionFix":false,"image":{"characterIndex":0,"characterName":"","direction":2,"pattern":0,"tileId":0},"list":[{"code":101,"indent":0,"parameters":["",0,0,2]},{"code":401,"indent":0,"parameters":["These tanks contain large quantities of oxygen that"]},{"code":401,"indent":0,"parameters":["are automagically pumped throughout the ship via "]},{"code":401,"indent":0,"parameters":["vents."]},{"code":0,"indent":0,"parameters":[]}],"moveFrequency":3,"moveRoute":{"list":[{"code":0,"parameters":[]}],"repeat":true,"skippable":false,"wait":false},"moveSpeed":3,"moveType":0,"priorityType":1,"stepAnime":false,"through":false,"trigger":0,"walkAnime":true},{"conditions":{"actorId":1,"actorValid":false,"itemId":1,"itemValid":false,"selfSwitchCh":"A","selfSwitchValid":false,"switch1Id":1,"switch1Valid":false,"switch2Id":1,"switch2Valid":false,"variableId":1,"variableValid":false,"variableValue":0},"directionFix":false,"image":{"characterIndex":0,"characterName":"","direction":2,"pattern":0,"tileId":0},"list":[{"code":0,"indent":0,"parameters":[]}],"moveFrequency":3,"moveRoute":{"list":[{"code":0,"parameters":[]}],"repeat":true,"skippable":false,"wait":false},"moveSpeed":3,"moveType":0,"priorityType":0,"stepAnime":false,"through":false,"trigger":0,"walkAnime":true}],"x":7,"y":5},
{"id":13,"name":"EV013","note":"","pages":[{"conditions":{"actorId":1,"actorValid":false,"itemId":1,"itemValid":false,"selfSwitchCh":"A","selfSwitchValid":false,"switch1Id":1,"switch1Valid":false,"switch2Id":1,"switch2Valid":false,"variableId":1,"variableValid":false,"variableValue":0},"directionFix":false,"image":{"characterIndex":0,"characterName":"","direction":2,"pattern":0,"tileId":0},"list":[{"code":101,"indent":0,"parameters":["",0,0,2]},{"code":401,"indent":0,"parameters":["These tanks contain large quantities of oxygen that"]},{"code":401,"indent":0,"parameters":["are automagically pumped throughout the ship via "]},{"code":401,"indent":0,"parameters":["vents."]},{"code":0,"indent":0,"parameters":[]}],"moveFrequency":3,"moveRoute":{"list":[{"code":0,"parameters":[]}],"repeat":true,"skippable":false,"wait":false},"moveSpeed":3,"moveType":0,"priorityType":1,"stepAnime":false,"through":false,"trigger":0,"walkAnime":true},{"conditions":{"actorId":1,"actorValid":false,"itemId":1,"itemValid":false,"selfSwitchCh":"A","selfSwitchValid":false,"switch1Id":1,"switch1Valid":false,"switch2Id":1,"switch2Valid":false,"variableId":1,"variableValid":false,"variableValue":0},"directionFix":false,"image":{"characterIndex":0,"characterName":"","direction":2,"pattern":0,"tileId":0},"list":[{"code":0,"indent":0,"parameters":[]}],"moveFrequency":3,"moveRoute":{"list":[{"code":0,"parameters":[]}],"repeat":true,"skippable":false,"wait":false},"moveSpeed":3,"moveType":0,"priorityType":0,"stepAnime":false,"through":false,"trigger":0,"walkAnime":true}],"x":8,"y":7},
{"id":14,"name":"EV014","note":"","pages":[{"conditions":{"actorId":1,"actorValid":false,"itemId":1,"itemValid":false,"selfSwitchCh":"A","selfSwitchValid":false,"switch1Id":21,"switch1Valid":true,"switch2Id":1,"switch2Valid":false,"variableId":1,"variableValid":false,"variableValue":0},"directionFix":false,"image":{"tileId":0,"characterName":"$Alern","direction":6,"pattern":1,"characterIndex":0},"list":[{"code":230,"indent":0,"parameters":[30]},{"code":356,"indent":0,"parameters":["BUST RIGHT TRUE"]},{"code":101,"indent":0,"parameters":["Alern",3,1,2]},{"code":401,"indent":0,"parameters":["Good day, Lira."]},{"code":230,"indent":0,"parameters":[30]},{"code":356,"indent":0,"parameters":["BUST LEFT FALSE"]},{"code":101,"indent":0,"parameters":["Lira",0,1,2]},{"code":401,"indent":0,"parameters":["Howdy, Alern!"]},{"code":230,"indent":0,"parameters":[30]},{"code":356,"indent":0,"parameters":["BUST RIGHT TRUE"]},{"code":101,"indent":0,"parameters":["Alern",3,1,2]},{"code":401,"indent":0,"parameters":["What brings you to my greenhouse?"]},{"code":230,"indent":0,"parameters":[30]},{"code":356,"indent":0,"parameters":["BUST LEFT FALSE"]},{"code":101,"indent":0,"parameters":["Lira",0,1,2]},{"code":401,"indent":0,"parameters":["Ah you know... just wanting to see some"]},{"code":401,"indent":0,"parameters":["nature. That, or maybe visiting a friend!"]},{"code":230,"indent":0,"parameters":[30]},{"code":356,"indent":0,"parameters":["BUST RIGHT TRUE"]},{"code":101,"indent":0,"parameters":["Alern",1,1,2]},{"code":401,"indent":0,"parameters":["Heh. I appreciate it."]},{"code":123,"indent":0,"parameters":["A",0]},{"code":0,"indent":0,"parameters":[]}],"moveFrequency":3,"moveRoute":{"list":[{"code":0,"parameters":[]}],"repeat":true,"skippable":false,"wait":false},"moveSpeed":3,"moveType":0,"priorityType":1,"stepAnime":false,"through":false,"trigger":0,"walkAnime":true},{"conditions":{"actorId":1,"actorValid":false,"itemId":1,"itemValid":false,"selfSwitchCh":"A","selfSwitchValid":true,"switch1Id":21,"switch1Valid":true,"switch2Id":1,"switch2Valid":false,"variableId":1,"variableValid":false,"variableValue":0},"directionFix":false,"image":{"tileId":0,"characterName":"$Alern","direction":6,"pattern":1,"characterIndex":0},"list":[{"code":230,"indent":0,"parameters":[30]},{"code":356,"indent":0,"parameters":["BUST RIGHT TRUE"]},{"code":101,"indent":0,"parameters":["Alern",3,1,2]},{"code":401,"indent":0,"parameters":["Enjoy your stay, friend."]},{"code":0,"indent":0,"parameters":[]}],"moveFrequency":3,"moveRoute":{"list":[{"code":0,"parameters":[]}],"repeat":true,"skippable":false,"wait":false},"moveSpeed":3,"moveType":0,"priorityType":1,"stepAnime":false,"through":false,"trigger":0,"walkAnime":true}],"x":6,"y":5},
{"id":15,"name":"EV015","note":"","pages":[{"conditions":{"actorId":1,"actorValid":false,"itemId":1,"itemValid":false,"selfSwitchCh":"A","selfSwitchValid":false,"switch1Id":24,"switch1Valid":true,"switch2Id":1,"switch2Valid":false,"variableId":1,"variableValid":false,"variableValue":0},"directionFix":false,"image":{"tileId":0,"characterName":"$Alern","direction":6,"pattern":1,"characterIndex":0},"list":[{"code":222,"indent":0,"parameters":[]},{"code":205,"indent":0,"parameters":[0,{"list":[{"code":3,"indent":null},{"code":3,"indent":null},{"code":4,"indent":null},{"code":4,"indent":null},{"code":0}],"repeat":false,"skippable":false,"wait":true}]},{"code":505,"indent":0,"parameters":[{"code":3,"indent":null}]},{"code":505,"indent":0,"parameters":[{"code":3,"indent":null}]},{"code":505,"indent":0,"parameters":[{"code":4,"indent":null}]},{"code":505,"indent":0,"parameters":[{"code":4,"indent":null}]},{"code":230,"indent":0,"parameters":[30]},{"code":356,"indent":0,"parameters":["BUST RIGHT TRUE"]},{"code":101,"indent":0,"parameters":["Alern",3,1,2]},{"code":401,"indent":0,"parameters":["Welcome back, Lira."]},{"code":230,"indent":0,"parameters":[30]},{"code":356,"indent":0,"parameters":["BUST LEFT FALSE"]},{"code":101,"indent":0,"parameters":["Lira",2,1,2]},{"code":401,"indent":0,"parameters":["Hey Alern."]},{"code":230,"indent":0,"parameters":[30]},{"code":356,"indent":0,"parameters":["BUST RIGHT TRUE"]},{"code":101,"indent":0,"parameters":["Alern",1,1,2]},{"code":401,"indent":0,"parameters":["I sense something plagues you."]},{"code":230,"indent":0,"parameters":[30]},{"code":356,"indent":0,"parameters":["BUST LEFT FALSE"]},{"code":101,"indent":0,"parameters":["Lira",3,1,2]},{"code":401,"indent":0,"parameters":["Mmh. I guess I didn’t have the best sleep."]},{"code":230,"indent":0,"parameters":[30]},{"code":356,"indent":0,"parameters":["BUST RIGHT TRUE"]},{"code":101,"indent":0,"parameters":["Alern",2,1,2]},{"code":401,"indent":0,"parameters":["I understand. It was a stressful day "]},{"code":401,"indent":0,"parameters":["yesterday."]},{"code":230,"indent":0,"parameters":[30]},{"code":356,"indent":0,"parameters":["BUST LEFT FALSE"]},{"code":101,"indent":0,"parameters":["Lira",3,1,2]},{"code":401,"indent":0,"parameters":["I guess that was part of it."]},{"code":230,"indent":0,"parameters":[30]},{"code":356,"indent":0,"parameters":["BUST RIGHT TRUE"]},{"code":101,"indent":0,"parameters":["Alern",0,1,2]},{"code":401,"indent":0,"parameters":["And what was the other part?"]},{"code":230,"indent":0,"parameters":[30]},{"code":356,"indent":0,"parameters":["BUST LEFT FALSE"]},{"code":101,"indent":0,"parameters":["Lira",2,1,2]},{"code":401,"indent":0,"parameters":["What you told me yesterday."]},{"code":230,"indent":0,"parameters":[30]},{"code":356,"indent":0,"parameters":["BUST RIGHT TRUE"]},{"code":101,"indent":0,"parameters":["Alern",3,1,2]},{"code":401,"indent":0,"parameters":["Ah, have you thought of it?"]},{"code":230,"indent":0,"parameters":[30]},{"code":356,"indent":0,"parameters":["BUST LEFT FALSE"]},{"code":101,"indent":0,"parameters":["Lira",2,1,2]},{"code":401,"indent":0,"parameters":["Yeah. I think I understand, then."]},{"code":230,"indent":0,"parameters":[30]},{"code":356,"indent":0,"parameters":["BUST RIGHT TRUE"]},{"code":101,"indent":0,"parameters":["Alern",1,1,2]},{"code":401,"indent":0,"parameters":["Good."]},{"code":230,"indent":0,"parameters":[30]},{"code":356,"indent":0,"parameters":["BUST LEFT FALSE"]},{"code":101,"indent":0,"parameters":["Lira",2,1,2]},{"code":401,"indent":0,"parameters":["I didn’t come here to escape. "]},{"code":401,"indent":0,"parameters":["I came here to get better."]},{"code":230,"indent":0,"parameters":[30]},{"code":356,"indent":0,"parameters":["BUST LEFT FALSE"]},{"code":101,"indent":0,"parameters":["Lira",3,1,2]},{"code":401,"indent":0,"parameters":["I left because I knew that as long as "]},{"code":401,"indent":0,"parameters":["I was there, I would always feel pressured "]},{"code":401,"indent":0,"parameters":["to help."]},{"code":230,"indent":0,"parameters":[30]},{"code":356,"indent":0,"parameters":["BUST LEFT FALSE"]},{"code":101,"indent":0,"parameters":["Lira",3,1,2]},{"code":401,"indent":0,"parameters":["But maybe, If I could get away for a while,"]},{"code":401,"indent":0,"parameters":["I would be able to grow more independent "]},{"code":401,"indent":0,"parameters":["I guess."]},{"code":230,"indent":0,"parameters":[30]},{"code":356,"indent":0,"parameters":["BUST LEFT FALSE"]},{"code":101,"indent":0,"parameters":["Lira",3,1,2]},{"code":401,"indent":0,"parameters":["So that when I came back,"]},{"code":401,"indent":0,"parameters":["hopefully the pressure wouldn’t be so bad."]},{"code":230,"indent":0,"parameters":[30]},{"code":356,"indent":0,"parameters":["BUST RIGHT TRUE"]},{"code":101,"indent":0,"parameters":["Alern",0,1,2]},{"code":401,"indent":0,"parameters":["Exactly."]},{"code":230,"indent":0,"parameters":[30]},{"code":356,"indent":0,"parameters":["BUST LEFT FALSE"]},{"code":101,"indent":0,"parameters":["Lira",3,1,2]},{"code":401,"indent":0,"parameters":["But… I’m not sure. "]},{"code":401,"indent":0,"parameters":["When Amia told me that we could"]},{"code":401,"indent":0,"parameters":["message home, I don’t know how I felt."]},{"code":230,"indent":0,"parameters":[30]},{"code":356,"indent":0,"parameters":["BUST LEFT FALSE"]},{"code":101,"indent":0,"parameters":["Lira",3,1,2]},{"code":401,"indent":0,"parameters":["I felt glad, of course, but also scared?"]},{"code":230,"indent":0,"parameters":[30]},{"code":356,"indent":0,"parameters":["BUST RIGHT TRUE"]},{"code":101,"indent":0,"parameters":["Alern",0,1,2]},{"code":401,"indent":0,"parameters":["Why?"]},{"code":230,"indent":0,"parameters":[30]},{"code":356,"indent":0,"parameters":["BUST LEFT FALSE"]},{"code":101,"indent":0,"parameters":["Lira",2,1,2]},{"code":401,"indent":0,"parameters":["Because… well, because I wasn’t sure if "]},{"code":401,"indent":0,"parameters":["I had gotten better."]},{"code":230,"indent":0,"parameters":[30]},{"code":356,"indent":0,"parameters":["BUST LEFT FALSE"]},{"code":101,"indent":0,"parameters":["Lira",2,1,2]},{"code":401,"indent":0,"parameters":["Amia mentioned that our brother wanted a "]},{"code":401,"indent":0,"parameters":["gift and I knew I wanted to do it the "]},{"code":401,"indent":0,"parameters":["moment she said so."]},{"code":111,"indent":0,"parameters":[0,5,0]},{"code":230,"indent":1,"parameters":[30]},{"code":356,"indent":1,"parameters":["BUST LEFT FALSE"]},{"code":101,"indent":1,"parameters":["Lira",3,1,2]},{"code":401,"indent":1,"parameters":["But then when it was time to make one"]},{"code":401,"indent":1,"parameters":["I chose to help Noah instead."]},{"code":230,"indent":1,"parameters":[30]},{"code":356,"indent":1,"parameters":["BUST LEFT FALSE"]},{"code":101,"indent":1,"parameters":["Lira",3,1,2]},{"code":401,"indent":1,"parameters":["I guess that’s good right? I mean, "]},{"code":401,"indent":1,"parameters":["we could make the gift another time."]},{"code":230,"indent":1,"parameters":[30]},{"code":356,"indent":1,"parameters":["BUST LEFT FALSE"]},{"code":101,"indent":1,"parameters":["Lira",3,1,2]},{"code":401,"indent":1,"parameters":["And, well, he says it meant yesterday"]},{"code":401,"indent":1,"parameters":["wasn't such a disaster."]},{"code":230,"indent":1,"parameters":[30]},{"code":356,"indent":1,"parameters":["BUST LEFT FALSE"]},{"code":101,"indent":1,"parameters":["Lira",3,1,2]},{"code":401,"indent":1,"parameters":["But I can't help but feel bad."]},{"code":0,"indent":1,"parameters":[]},{"code":411,"indent":0,"parameters":[]},{"code":230,"indent":1,"parameters":[30]},{"code":356,"indent":1,"parameters":["BUST LEFT FALSE"]},{"code":101,"indent":1,"parameters":["Lira",3,1,2]},{"code":401,"indent":1,"parameters":["But when it was time to make one and "]},{"code":401,"indent":1,"parameters":["Noah asked for help with the transmitter,"]},{"code":230,"indent":1,"parameters":[30]},{"code":356,"indent":1,"parameters":["BUST LEFT FALSE"]},{"code":101,"indent":1,"parameters":["Lira",3,1,2]},{"code":401,"indent":1,"parameters":["I felt obligated to help with the gift "]},{"code":401,"indent":1,"parameters":["instead."]},{"code":230,"indent":1,"parameters":[30]},{"code":356,"indent":1,"parameters":["BUST LEFT FALSE"]},{"code":101,"indent":1,"parameters":["Lira",3,1,2]},{"code":401,"indent":1,"parameters":["Maybe this wouldn’t have happened if I "]},{"code":401,"indent":1,"parameters":["had helped him."]},{"code":0,"indent":1,"parameters":[]},{"code":412,"indent":0,"parameters":[]},{"code":230,"indent":0,"parameters":[30]},{"code":356,"indent":0,"parameters":["BUST RIGHT TRUE"]},{"code":101,"indent":0,"parameters":["Alern",0,1,2]},{"code":401,"indent":0,"parameters":["I see. Being nice to your brother doesn’t "]},{"code":401,"indent":0,"parameters":["mean you were under pressure, though."]},{"code":230,"indent":0,"parameters":[30]},{"code":356,"indent":0,"parameters":["BUST RIGHT TRUE"]},{"code":101,"indent":0,"parameters":["Alern",3,1,2]},{"code":401,"indent":0,"parameters":["It’s a once and a lifetime chance to get "]},{"code":401,"indent":0,"parameters":["a gift from space, afterall!"]},{"code":230,"indent":0,"parameters":[30]},{"code":356,"indent":0,"parameters":["BUST LEFT FALSE"]},{"code":101,"indent":0,"parameters":["Lira",3,1,2]},{"code":401,"indent":0,"parameters":["True… I can’t help but wonder if "]},{"code":401,"indent":0,"parameters":["Amia’s presence here kinda ruins the "]},{"code":401,"indent":0,"parameters":["point of it."]},{"code":230,"indent":0,"parameters":[30]},{"code":356,"indent":0,"parameters":["BUST LEFT FALSE"]},{"code":101,"indent":0,"parameters":["Lira",3,1,2]},{"code":401,"indent":0,"parameters":["\\^ Maybe we-"]},{"code":225,"indent":0,"parameters":[7,4,120,false]},{"code":250,"indent":0,"parameters":[{"name":"Collapse2","volume":15,"pitch":100,"pan":0}]},{"code":224,"indent":0,"parameters":[[255,255,255,170],30,true]},{"code":221,"indent":0,"parameters":[]},{"code":241,"indent":0,"parameters":[{"name":"leak1","volume":5,"pitch":100,"pan":0}]},{"code":223,"indent":0,"parameters":[[-68,-68,-68,0],60,false]},{"code":121,"indent":0,"parameters":[32,32,0]},{"code":121,"indent":0,"parameters":[29,29,1]},{"code":230,"indent":0,"parameters":[30]},{"code":356,"indent":0,"parameters":["BUST LEFT FALSE"]},{"code":101,"indent":0,"parameters":["Lira",3,1,2]},{"code":401,"indent":0,"parameters":["Oh gods…"]},{"code":230,"indent":0,"parameters":[30]},{"code":356,"indent":0,"parameters":["BUST RIGHT TRUE"]},{"code":101,"indent":0,"parameters":["Alern",3,1,2]},{"code":401,"indent":0,"parameters":["Ah…"]},{"code":230,"indent":0,"parameters":[30]},{"code":356,"indent":0,"parameters":["BUST LEFT FALSE"]},{"code":101,"indent":0,"parameters":["Lira",3,1,2]},{"code":401,"indent":0,"parameters":["I don't know my way out- "]},{"code":401,"indent":0,"parameters":["why is there no emergency light?"]},{"code":222,"indent":0,"parameters":[]},{"code":230,"indent":0,"parameters":[30]},{"code":356,"indent":0,"parameters":["BUST RIGHT TRUE"]},{"code":101,"indent":0,"parameters":["Alern",1,1,2]},{"code":401,"indent":0,"parameters":["Well, ask and ye shall receive it seems."]},{"code":230,"indent":0,"parameters":[30]},{"code":356,"indent":0,"parameters":["BUST LEFT FALSE"]},{"code":101,"indent":0,"parameters":["Lira",3,1,2]},{"code":401,"indent":0,"parameters":["What’s the problem this time?"]},{"code":230,"indent":0,"parameters":[30]},{"code":356,"indent":0,"parameters":["BUST RIGHT TRUE"]},{"code":101,"indent":0,"parameters":["Alern",1,1,2]},{"code":401,"indent":0,"parameters":["I do not know. Let’s go find out, alright?"]},{"code":205,"indent":0,"parameters":[0,{"list":[{"code":1,"indent":null},{"code":1,"indent":null},{"code":2,"indent":null},{"code":2,"indent":null},{"code":0}],"repeat":false,"skippable":false,"wait":false}]},{"code":505,"indent":0,"parameters":[{"code":1,"indent":null}]},{"code":505,"indent":0,"parameters":[{"code":1,"indent":null}]},{"code":505,"indent":0,"parameters":[{"code":2,"indent":null}]},{"code":505,"indent":0,"parameters":[{"code":2,"indent":null}]},{"code":221,"indent":0,"parameters":[]},{"code":205,"indent":0,"parameters":[-1,{"list":[{"code":1,"indent":null},{"code":1,"indent":null},{"code":2,"indent":null},{"code":2,"indent":null},{"code":0}],"repeat":false,"skippable":false,"wait":false}]},{"code":505,"indent":0,"parameters":[{"code":1,"indent":null}]},{"code":505,"indent":0,"parameters":[{"code":1,"indent":null}]},{"code":505,"indent":0,"parameters":[{"code":2,"indent":null}]},{"code":505,"indent":0,"parameters":[{"code":2,"indent":null}]},{"code":201,"indent":0,"parameters":[0,13,11,11,0,0]},{"code":123,"indent":0,"parameters":["A",0]},{"code":0,"indent":0,"parameters":[]}],"moveFrequency":3,"moveRoute":{"list":[{"code":0,"parameters":[]}],"repeat":true,"skippable":false,"wait":false},"moveSpeed":3,"moveType":0,"priorityType":1,"stepAnime":false,"through":false,"trigger":3,"walkAnime":true},{"conditions":{"actorId":1,"actorValid":false,"itemId":1,"itemValid":false,"selfSwitchCh":"A","selfSwitchValid":true,"switch1Id":1,"switch1Valid":false,"switch2Id":1,"switch2Valid":false,"variableId":1,"variableValid":false,"variableValue":0},"directionFix":false,"image":{"characterIndex":0,"characterName":"","direction":2,"pattern":0,"tileId":0},"list":[{"code":0,"indent":0,"parameters":[]}],"moveFrequency":3,"moveRoute":{"list":[{"code":0,"parameters":[]}],"repeat":true,"skippable":false,"wait":false},"moveSpeed":3,"moveType":0,"priorityType":0,"stepAnime":false,"through":false,"trigger":0,"walkAnime":true}],"x":1,"y":7},
{"id":16,"name":"EV016","note":"","pages":[{"conditions":{"actorId":1,"actorValid":false,"itemId":1,"itemValid":false,"selfSwitchCh":"A","selfSwitchValid":false,"switch1Id":32,"switch1Valid":true,"switch2Id":1,"switch2Valid":false,"variableId":1,"variableValid":false,"variableValue":0},"directionFix":false,"image":{"tileId":915,"characterName":"","characterIndex":0,"direction":2,"pattern":0},"list":[{"code":0,"indent":0,"parameters":[]}],"moveFrequency":3,"moveRoute":{"list":[{"code":0,"parameters":[]}],"repeat":true,"skippable":false,"wait":false},"moveSpeed":3,"moveType":0,"priorityType":2,"stepAnime":false,"through":false,"trigger":0,"walkAnime":true}],"x":6,"y":2}
]
}