{
"autoplayBgm":false,"autoplayBgs":false,"battleback1Name":"","battleback2Name":"","bgm":{"name":"","pan":0,"pitch":100,"volume":90},"bgs":{"name":"","pan":0,"pitch":100,"volume":90},"disableDashing":false,"displayName":"Navigation","encounterList":[],"encounterStep":30,"height":9,"note":"","parallaxLoopX":false,"parallaxLoopY":false,"parallaxName":"","parallaxShow":true,"parallaxSx":0,"parallaxSy":0,"scrollType":0,"specifyBattleback":false,"tilesetId":2,"width":10,
"data":[4983,7187,7186,7186,7190,4983,2736,2720,2720,2720,4981,7185,7184,7184,7188,4981,2736,2720,2720,2720,4981,7193,7192,7192,7196,4989,2760,2748,2748,2748,4981,1588,1588,1588,1588,7187,7186,7186,7190,4983,4981,1588,1588,1588,1588,7185,7184,7184,7188,4981,4981,1588,1588,1588,1588,7193,7192,7192,7196,4981,4981,1588,1588,1588,1588,1588,1588,1588,1588,4981,4981,1588,1588,1588,1588,1588,1588,1588,1588,4981,4989,4987,4986,4986,4986,4986,4986,4986,4990,4989,0,0,0,0,0,0,0,0,0,0,0,0,0,0,0,0,0,0,0,0,0,0,0,0,0,0,0,0,0,0,0,0,0,0,0,0,0,0,0,0,0,0,0,0,0,0,0,0,0,0,0,0,0,0,0,0,0,0,0,0,0,0,0,0,0,0,0,0,0,0,0,0,0,0,0,0,0,0,0,0,0,0,0,0,0,0,0,0,0,0,0,0,0,0,0,0,0,0,0,0,0,0,0,0,0,0,0,0,0,0,0,0,0,0,0,0,0,0,0,0,0,0,0,0,0,0,0,0,0,0,0,0,0,0,0,0,0,0,0,0,0,0,0,0,0,0,0,0,0,0,0,0,0,0,0,0,0,0,0,0,0,0,0,0,0,0,0,0,0,0,0,0,0,0,0,0,0,0,0,0,0,0,0,0,0,0,0,0,0,0,0,0,0,0,0,0,0,0,0,0,0,165,166,167,469,0,0,0,0,0,0,181,182,183,477,0,0,0,0,0,0,0,0,0,0,0,0,0,0,0,0,85,86,87,0,0,0,0,0,0,0,93,94,95,0,0,0,0,0,0,0,101,102,103,0,0,0,0,0,0,0,0,0,0,0,0,0,0,0,0,0,0,0,0,0,0,0,0,0,0,0,0,0,0,0,0,5,0,0,0,0,0,0,0,0,0,5,0,0,0,0,5,0,0,0,0,0,0,0,0,0,5,0,0,0,0,0,0,0,0,0,5,0,0,0,0,0,0,0,0,0,5,0,0,0,0,0,0,0,0,0,5,0,0,0,0,0,0,0,0,0,0,0,0,0,0,0,0,0,0,0,0,0,0,0,0,0,0,0,0,0,0,0,0,0,0,0,0,0,0,0,0,0,0,0,0,0,0,0,0,0,0,0,0,0,0,0,0,0,0,0,0,0,0,0,0,0,0,0,0,0,0,0,0,0,0,0,0,0,0,0,0,0,0,0,0,0,0,0,0,0,0,0,0,0,0,0,0,0,0,0,0,0,0,0,0,0,0,0,0],
"events":[
null,
{"id":1,"name":"EV001","note":"","pages":[{"conditions":{"actorId":1,"actorValid":false,"itemId":1,"itemValid":false,"selfSwitchCh":"A","selfSwitchValid":false,"switch1Id":1,"switch1Valid":false,"switch2Id":1,"switch2Valid":false,"variableId":1,"variableValid":false,"variableValue":0},"directionFix":false,"image":{"characterIndex":0,"characterName":"!$doors7-c","direction":2,"pattern":1,"tileId":0},"list":[{"code":250,"indent":0,"parameters":[{"name":"Open1","pan":0,"pitch":100,"volume":90}]},{"code":205,"indent":0,"parameters":[0,{"list":[{"code":17},{"code":15,"parameters":[3]},{"code":18},{"code":15,"parameters":[3]},{"code":19},{"code":37},{"code":0}],"repeat":false,"skippable":false,"wait":true}]},{"code":505,"indent":0,"parameters":[{"code":17}]},{"code":505,"indent":0,"parameters":[{"code":15,"parameters":[3]}]},{"code":505,"indent":0,"parameters":[{"code":18}]},{"code":505,"indent":0,"parameters":[{"code":15,"parameters":[3]}]},{"code":505,"indent":0,"parameters":[{"code":19}]},{"code":505,"indent":0,"parameters":[{"code":37}]},{"code":205,"indent":0,"parameters":[-1,{"list":[{"code":12},{"code":0}],"repeat":false,"skippable":true,"wait":true}]},{"code":505,"indent":0,"parameters":[{"code":12}]},{"code":250,"indent":0,"parameters":[{"name":"Move1","pan":0,"pitch":100,"volume":90}]},{"code":201,"indent":0,"parameters":[0,9,1,9,0,0]},{"code":0,"indent":0,"parameters":[]}],"moveFrequency":3,"moveRoute":{"list":[{"code":0,"parameters":[]}],"repeat":true,"skippable":false,"wait":false},"moveSpeed":3,"moveType":0,"priorityType":1,"stepAnime":false,"through":false,"trigger":1,"walkAnime":false}],"x":7,"y":5},
{"id":2,"name":"EV002","note":"","pages":[{"conditions":{"actorId":1,"actorValid":false,"itemId":1,"itemValid":false,"selfSwitchCh":"A","selfSwitchValid":false,"switch1Id":1,"switch1Valid":false,"switch2Id":1,"switch2Valid":false,"variableId":1,"variableValid":false,"variableValue":0},"directionFix":false,"image":{"characterIndex":0,"characterName":"","direction":2,"pattern":0,"tileId":0},"list":[{"code":101,"indent":0,"parameters":["",0,0,2]},{"code":401,"indent":0,"parameters":["This is the secondary Navigations console. "]},{"code":401,"indent":0,"parameters":["When we were out scouting for earth-like planets,"]},{"code":401,"indent":0,"parameters":["this was useful for microadjustments."]},{"code":101,"indent":0,"parameters":["",0,0,2]},{"code":401,"indent":0,"parameters":["It doesn't see much action anymore, but sometimes"]},{"code":401,"indent":0,"parameters":["I fiddle around back here just to feel useful."]},{"code":0,"indent":0,"parameters":[]}],"moveFrequency":3,"moveRoute":{"list":[{"code":0,"parameters":[]}],"repeat":true,"skippable":false,"wait":false},"moveSpeed":3,"moveType":0,"priorityType":1,"stepAnime":false,"through":false,"trigger":0,"walkAnime":true}],"x":2,"y":3},
{"id":3,"name":"EV003","note":"","pages":[{"conditions":{"actorId":1,"actorValid":false,"itemId":1,"itemValid":false,"selfSwitchCh":"A","selfSwitchValid":false,"switch1Id":1,"switch1Valid":false,"switch2Id":1,"switch2Valid":false,"variableId":1,"variableValid":false,"variableValue":0},"directionFix":false,"image":{"characterIndex":0,"characterName":"","direction":2,"pattern":0,"tileId":0},"list":[{"code":101,"indent":0,"parameters":["",0,0,2]},{"code":401,"indent":0,"parameters":["offline..."]},{"code":0,"indent":0,"parameters":[]}],"moveFrequency":3,"moveRoute":{"list":[{"code":0,"parameters":[]}],"repeat":true,"skippable":false,"wait":false},"moveSpeed":3,"moveType":0,"priorityType":1,"stepAnime":false,"through":false,"trigger":0,"walkAnime":true}],"x":4,"y":2},
{"id":4,"name":"EV004","note":"","pages":[{"conditions":{"actorId":1,"actorValid":false,"itemId":1,"itemValid":false,"selfSwitchCh":"A","selfSwitchValid":false,"switch1Id":33,"switch1Valid":true,"switch2Id":1,"switch2Valid":false,"variableId":1,"variableValid":false,"variableValue":0},"directionFix":false,"image":{"characterIndex":0,"characterName":"","direction":2,"pattern":0,"tileId":0},"list":[{"code":221,"indent":0,"parameters":[]},{"code":129,"indent":0,"parameters":[2,1,false]},{"code":205,"indent":0,"parameters":[0,{"list":[{"code":41,"parameters":["$Amia",0],"indent":null},{"code":0}],"repeat":false,"skippable":false,"wait":true}]},{"code":505,"indent":0,"parameters":[{"code":41,"parameters":["$Amia",0],"indent":null}]},{"code":203,"indent":0,"parameters":[0,0,4,6,0]},{"code":222,"indent":0,"parameters":[]},{"code":230,"indent":0,"parameters":[30]},{"code":356,"indent":0,"parameters":["BUST LEFT FALSE"]},{"code":101,"indent":0,"parameters":["Lira",3,1,2]},{"code":401,"indent":0,"parameters":["Amia..."]},{"code":230,"indent":0,"parameters":[30]},{"code":356,"indent":0,"parameters":["BUST RIGHT TRUE"]},{"code":101,"indent":0,"parameters":["Amia",1,1,2]},{"code":401,"indent":0,"parameters":["I know, I know. Shit. I just…"]},{"code":230,"indent":0,"parameters":[30]},{"code":356,"indent":0,"parameters":["BUST RIGHT TRUE"]},{"code":101,"indent":0,"parameters":["Amia",3,1,2]},{"code":401,"indent":0,"parameters":[" I just wanted to send a message home, "]},{"code":401,"indent":0,"parameters":["Okay?"]},{"code":230,"indent":0,"parameters":[30]},{"code":356,"indent":0,"parameters":["BUST LEFT FALSE"]},{"code":205,"indent":0,"parameters":[0,{"list":[{"code":9,"indent":null},{"code":9,"indent":null},{"code":9,"indent":null},{"code":9,"indent":null},{"code":0}],"repeat":false,"skippable":false,"wait":true}]},{"code":505,"indent":0,"parameters":[{"code":9,"indent":null}]},{"code":505,"indent":0,"parameters":[{"code":9,"indent":null}]},{"code":505,"indent":0,"parameters":[{"code":9,"indent":null}]},{"code":505,"indent":0,"parameters":[{"code":9,"indent":null}]},{"code":101,"indent":0,"parameters":["Lira",3,1,2]},{"code":401,"indent":0,"parameters":["Yeah. I understand."]},{"code":230,"indent":0,"parameters":[30]},{"code":356,"indent":0,"parameters":["BUST RIGHT TRUE"]},{"code":101,"indent":0,"parameters":["Amia",2,1,2]},{"code":401,"indent":0,"parameters":["I miss our brother, Lira."]},{"code":230,"indent":0,"parameters":[30]},{"code":356,"indent":0,"parameters":["BUST LEFT FALSE"]},{"code":101,"indent":0,"parameters":["Lira",3,1,2]},{"code":401,"indent":0,"parameters":["I miss him too. It was about time he heard "]},{"code":401,"indent":0,"parameters":["from us, but I didn’t think that… "]},{"code":401,"indent":0,"parameters":["I should have stopped you."]},{"code":230,"indent":0,"parameters":[30]},{"code":356,"indent":0,"parameters":["BUST RIGHT TRUE"]},{"code":101,"indent":0,"parameters":["Amia",3,1,2]},{"code":401,"indent":0,"parameters":["But you didn’t, because you wanted it"]},{"code":401,"indent":0,"parameters":["too, didn’t you?"]},{"code":230,"indent":0,"parameters":[30]},{"code":356,"indent":0,"parameters":["BUST LEFT FALSE"]},{"code":101,"indent":0,"parameters":["Lira",3,1,2]},{"code":401,"indent":0,"parameters":["I guess."]},{"code":230,"indent":0,"parameters":[30]},{"code":205,"indent":0,"parameters":[0,{"list":[{"code":9,"indent":null},{"code":9,"indent":null},{"code":9,"indent":null},{"code":9,"indent":null},{"code":0}],"repeat":false,"skippable":false,"wait":true}]},{"code":505,"indent":0,"parameters":[{"code":9,"indent":null}]},{"code":505,"indent":0,"parameters":[{"code":9,"indent":null}]},{"code":505,"indent":0,"parameters":[{"code":9,"indent":null}]},{"code":505,"indent":0,"parameters":[{"code":9,"indent":null}]},{"code":356,"indent":0,"parameters":["BUST RIGHT TRUE"]},{"code":101,"indent":0,"parameters":["Amia",1,1,2]},{"code":401,"indent":0,"parameters":["Why?"]},{"code":230,"indent":0,"parameters":[30]},{"code":356,"indent":0,"parameters":["BUST LEFT FALSE"]},{"code":101,"indent":0,"parameters":["Lira",3,1,2]},{"code":401,"indent":0,"parameters":["Why what?"]},{"code":230,"indent":0,"parameters":[30]},{"code":356,"indent":0,"parameters":["BUST RIGHT TRUE"]},{"code":101,"indent":0,"parameters":["Amia",1,1,2]},{"code":401,"indent":0,"parameters":["Why didn’t you stop me? "]},{"code":401,"indent":0,"parameters":["If you did, then we would have been fine."]},{"code":230,"indent":0,"parameters":[30]},{"code":356,"indent":0,"parameters":["BUST LEFT FALSE"]},{"code":101,"indent":0,"parameters":["Lira",3,1,2]},{"code":401,"indent":0,"parameters":["I don’t know. "]},{"code":401,"indent":0,"parameters":["I guess I just miss him, too. "]},{"code":401,"indent":0,"parameters":["I don’t want him to worry."]},{"code":230,"indent":0,"parameters":[30]},{"code":356,"indent":0,"parameters":["BUST RIGHT TRUE"]},{"code":101,"indent":0,"parameters":["Amia",1,1,2]},{"code":401,"indent":0,"parameters":["I just have a bad feeling in my gut "]},{"code":401,"indent":0,"parameters":["from all of this."]},{"code":230,"indent":0,"parameters":[30]},{"code":205,"indent":0,"parameters":[0,{"list":[{"code":9,"indent":null},{"code":9,"indent":null},{"code":9,"indent":null},{"code":9,"indent":null},{"code":0}],"repeat":false,"skippable":false,"wait":true}]},{"code":505,"indent":0,"parameters":[{"code":9,"indent":null}]},{"code":505,"indent":0,"parameters":[{"code":9,"indent":null}]},{"code":505,"indent":0,"parameters":[{"code":9,"indent":null}]},{"code":505,"indent":0,"parameters":[{"code":9,"indent":null}]},{"code":356,"indent":0,"parameters":["BUST LEFT FALSE"]},{"code":101,"indent":0,"parameters":["Lira",3,1,2]},{"code":401,"indent":0,"parameters":["Yeah, I know."]},{"code":230,"indent":0,"parameters":[30]},{"code":356,"indent":0,"parameters":["BUST RIGHT TRUE"]},{"code":101,"indent":0,"parameters":["Amia",1,1,2]},{"code":401,"indent":0,"parameters":["Right. I think everything’s alright here."]},{"code":230,"indent":0,"parameters":[30]},{"code":356,"indent":0,"parameters":["BUST LEFT FALSE"]},{"code":101,"indent":0,"parameters":["Lira",2,1,2]},{"code":401,"indent":0,"parameters":["Let’s head back then, I guess."]},{"code":221,"indent":0,"parameters":[]},{"code":201,"indent":0,"parameters":[0,13,11,11,8,0]},{"code":121,"indent":0,"parameters":[34,34,0]},{"code":242,"indent":0,"parameters":[4]},{"code":121,"indent":0,"parameters":[32,32,1]},{"code":121,"indent":0,"parameters":[33,33,1]},{"code":123,"indent":0,"parameters":["A",0]},{"code":0,"indent":0,"parameters":[]}],"moveFrequency":3,"moveRoute":{"list":[{"code":0,"parameters":[]}],"repeat":true,"skippable":false,"wait":false},"moveSpeed":3,"moveType":0,"priorityType":1,"stepAnime":false,"through":false,"trigger":3,"walkAnime":true},{"conditions":{"actorId":1,"actorValid":false,"itemId":1,"itemValid":false,"selfSwitchCh":"A","selfSwitchValid":true,"switch1Id":1,"switch1Valid":false,"switch2Id":1,"switch2Valid":false,"variableId":1,"variableValid":false,"variableValue":0},"directionFix":false,"image":{"characterIndex":0,"characterName":"","direction":2,"pattern":0,"tileId":0},"list":[{"code":0,"indent":0,"parameters":[]}],"moveFrequency":3,"moveRoute":{"list":[{"code":0,"parameters":[]}],"repeat":true,"skippable":false,"wait":false},"moveSpeed":3,"moveType":0,"priorityType":0,"stepAnime":false,"through":false,"trigger":0,"walkAnime":true}],"x":5,"y":4}
]
}