{
"autoplayBgm":false,"autoplayBgs":false,"battleback1Name":"","battleback2Name":"","bgm":{"name":"","pan":0,"pitch":100,"volume":90},"bgs":{"name":"","pan":0,"pitch":100,"volume":90},"disableDashing":false,"displayName":"Communications","encounterList":[],"encounterStep":30,"height":9,"note":"","parallaxLoopX":false,"parallaxLoopY":false,"parallaxName":"","parallaxShow":true,"parallaxSx":0,"parallaxSy":0,"scrollType":0,"specifyBattleback":false,"tilesetId":2,"width":10,
"data":[4983,8147,8146,8146,8146,8146,8146,8146,8150,4983,4981,8145,8144,8144,8144,8144,8144,8144,8148,4981,4981,8153,8152,8152,8152,8152,8152,8152,8156,4981,4981,1588,1588,1588,1588,1588,1588,1588,1588,4981,4981,1588,1588,1588,1588,1588,1588,1588,1588,4981,4981,1588,1588,1588,1588,6615,6623,6267,6269,4989,4981,1588,1588,1588,1588,6613,2769,2768,2768,2768,4981,1588,1588,1588,1588,6613,2769,2768,2768,2768,4989,8155,8154,8154,8158,6621,2769,2768,2768,2768,0,0,0,0,0,0,0,0,0,0,0,0,0,0,0,0,0,0,0,0,0,0,0,0,0,0,0,0,0,0,0,0,0,0,0,0,0,0,0,0,0,0,0,0,0,0,0,0,0,0,0,0,0,0,0,0,0,0,0,0,0,0,0,0,0,0,0,0,0,0,0,0,0,0,0,0,0,0,0,0,0,0,0,0,0,0,0,0,0,0,0,0,0,0,0,0,0,0,0,0,0,0,0,0,0,0,0,0,0,0,0,0,0,0,0,0,0,0,0,0,0,378,0,0,0,0,0,0,0,0,0,0,0,0,0,0,0,0,0,0,0,0,0,0,0,0,0,0,0,0,0,0,0,0,0,0,0,0,0,0,0,0,0,0,0,0,0,0,0,0,0,0,0,0,0,0,0,0,0,0,0,0,0,0,0,0,0,0,0,0,0,0,0,0,0,0,0,0,0,0,0,0,0,0,373,0,0,0,0,0,0,111,379,380,381,0,0,0,0,0,0,119,0,0,0,0,0,0,0,0,0,127,0,0,0,0,0,0,0,0,0,0,0,0,0,0,0,0,0,0,0,0,0,0,0,0,0,0,0,0,0,0,0,0,0,0,0,0,0,0,0,0,0,0,0,0,0,0,0,0,0,0,0,0,0,0,0,0,0,0,0,0,0,0,0,0,0,0,0,0,0,5,0,0,0,0,0,0,0,0,0,5,0,0,0,0,0,0,0,0,0,5,0,0,0,0,0,0,0,0,0,5,0,0,0,0,0,0,0,0,0,5,0,0,0,0,0,0,0,0,0,0,0,0,0,0,0,0,0,0,0,0,0,0,0,0,0,0,0,0,0,0,0,0,0,0,0,0,0,0,0,0,0,0,0,0,0,0,0,0,0,0,0,0,0,0,0,0,0,0,0,0,0,0,0,0,0,0,0,0,0,0,0,0,0,0,0,0,0,0,0,0,0,0,0,0,0,0,0,0,0,0,0,0,0,0,0,0,0,0,0,0,0,0,0,0,0,0,0,0],
"events":[
null,
{"id":1,"name":"EV001","note":"","pages":[{"conditions":{"actorId":1,"actorValid":false,"itemId":1,"itemValid":false,"selfSwitchCh":"A","selfSwitchValid":false,"switch1Id":1,"switch1Valid":false,"switch2Id":1,"switch2Valid":false,"variableId":1,"variableValid":false,"variableValue":0},"directionFix":false,"image":{"characterIndex":0,"characterName":"","direction":2,"pattern":0,"tileId":0},"list":[{"code":250,"indent":0,"parameters":[{"name":"Move1","pan":0,"pitch":100,"volume":90}]},{"code":201,"indent":0,"parameters":[0,9,1,3,2,0]},{"code":0,"indent":0,"parameters":[]}],"moveFrequency":3,"moveRoute":{"list":[{"code":0,"parameters":[]}],"repeat":true,"skippable":false,"wait":false},"moveSpeed":3,"moveType":0,"priorityType":1,"stepAnime":false,"through":false,"trigger":1,"walkAnime":true}],"x":7,"y":5},
{"id":2,"name":"EV002","note":"","pages":[{"conditions":{"actorId":1,"actorValid":false,"itemId":1,"itemValid":false,"selfSwitchCh":"A","selfSwitchValid":false,"switch1Id":1,"switch1Valid":false,"switch2Id":1,"switch2Valid":false,"variableId":1,"variableValid":false,"variableValue":0},"directionFix":false,"image":{"characterIndex":0,"characterName":"","direction":2,"pattern":0,"tileId":0},"list":[{"code":250,"indent":0,"parameters":[{"name":"Move1","pan":0,"pitch":100,"volume":90}]},{"code":201,"indent":0,"parameters":[0,9,2,3,2,0]},{"code":0,"indent":0,"parameters":[]}],"moveFrequency":3,"moveRoute":{"list":[{"code":0,"parameters":[]}],"repeat":true,"skippable":false,"wait":false},"moveSpeed":3,"moveType":0,"priorityType":1,"stepAnime":false,"through":false,"trigger":1,"walkAnime":true}],"x":8,"y":5},
{"id":3,"name":"MainScreen","note":"","pages":[{"conditions":{"actorId":1,"actorValid":false,"itemId":1,"itemValid":false,"selfSwitchCh":"A","selfSwitchValid":false,"switch1Id":1,"switch1Valid":false,"switch2Id":1,"switch2Valid":false,"variableId":1,"variableValid":false,"variableValue":0},"directionFix":false,"image":{"tileId":0,"characterName":"!$Computer-Console-007-c","direction":4,"pattern":0,"characterIndex":0},"list":[{"code":111,"indent":0,"parameters":[0,1,0]},{"code":101,"indent":1,"parameters":["",0,0,2]},{"code":401,"indent":1,"parameters":["This is where we control the transmitter."]},{"code":401,"indent":1,"parameters":["I've only used it once, as we were leaving."]},{"code":101,"indent":1,"parameters":["",0,0,2]},{"code":401,"indent":1,"parameters":["I hope I can message home, soon..."]},{"code":0,"indent":1,"parameters":[]},{"code":412,"indent":0,"parameters":[]},{"code":0,"indent":0,"parameters":[]}],"moveFrequency":3,"moveRoute":{"list":[{"code":12,"indent":null},{"code":0,"parameters":[]}],"repeat":true,"skippable":false,"wait":false},"moveSpeed":3,"moveType":3,"priorityType":1,"stepAnime":true,"through":false,"trigger":0,"walkAnime":false}],"x":1,"y":4},
{"id":4,"name":"Noah_Scene5","note":"","pages":[{"conditions":{"actorId":1,"actorValid":false,"itemId":1,"itemValid":false,"selfSwitchCh":"A","selfSwitchValid":false,"switch1Id":10,"switch1Valid":true,"switch2Id":23,"switch2Valid":true,"variableId":1,"variableValid":false,"variableValue":0},"directionFix":false,"image":{"tileId":0,"characterName":"$Noah","direction":8,"pattern":1,"characterIndex":0},"list":[{"code":222,"indent":0,"parameters":[]},{"code":250,"indent":0,"parameters":[{"name":"Close1","volume":90,"pitch":100,"pan":0}]},{"code":205,"indent":0,"parameters":[4,{"list":[{"code":17,"indent":null},{"code":2,"indent":null},{"code":2,"indent":null},{"code":2,"indent":null},{"code":0}],"repeat":false,"skippable":false,"wait":true}]},{"code":505,"indent":0,"parameters":[{"code":17,"indent":null}]},{"code":505,"indent":0,"parameters":[{"code":2,"indent":null}]},{"code":505,"indent":0,"parameters":[{"code":2,"indent":null}]},{"code":505,"indent":0,"parameters":[{"code":2,"indent":null}]},{"code":230,"indent":0,"parameters":[30]},{"code":356,"indent":0,"parameters":["BUST RIGHT TRUE"]},{"code":101,"indent":0,"parameters":["Noah",0,1,2]},{"code":401,"indent":0,"parameters":["Had a feeling you two would be here…"]},{"code":205,"indent":0,"parameters":[5,{"list":[{"code":18,"indent":null},{"code":0}],"repeat":false,"skippable":false,"wait":false}]},{"code":505,"indent":0,"parameters":[{"code":18,"indent":null}]},{"code":205,"indent":0,"parameters":[-1,{"list":[{"code":18,"indent":null},{"code":0}],"repeat":false,"skippable":false,"wait":true}]},{"code":505,"indent":0,"parameters":[{"code":18,"indent":null}]},{"code":230,"indent":0,"parameters":[30]},{"code":101,"indent":0,"parameters":["Amia",0,1,2]},{"code":401,"indent":0,"parameters":["What can I say? We’re excited to send a "]},{"code":401,"indent":0,"parameters":["message home."]},{"code":230,"indent":0,"parameters":[30]},{"code":101,"indent":0,"parameters":["Noah",0,1,2]},{"code":401,"indent":0,"parameters":["Yeah we all are. Just let me…"]},{"code":230,"indent":0,"parameters":[90]},{"code":356,"indent":0,"parameters":["BUST LEFT FALSE"]},{"code":230,"indent":0,"parameters":[30]},{"code":101,"indent":0,"parameters":["Lira",1,1,2]},{"code":401,"indent":0,"parameters":["Is there a problem?"]},{"code":230,"indent":0,"parameters":[30]},{"code":356,"indent":0,"parameters":["BUST RIGHT TRUE"]},{"code":101,"indent":0,"parameters":["Noah",3,1,2]},{"code":401,"indent":0,"parameters":["Sort of. Something’s not… Say, can you two "]},{"code":401,"indent":0,"parameters":["check something for me?"]},{"code":230,"indent":0,"parameters":[30]},{"code":101,"indent":0,"parameters":["Amia",1,1,2]},{"code":401,"indent":0,"parameters":["Depends. What is it?"]},{"code":230,"indent":0,"parameters":[30]},{"code":101,"indent":0,"parameters":["Noah",3,1,2]},{"code":401,"indent":0,"parameters":["Can you go over to the Engines, that’s "]},{"code":401,"indent":0,"parameters":["where the converters are, see if "]},{"code":401,"indent":0,"parameters":["everything’s right?"]},{"code":230,"indent":0,"parameters":[30]},{"code":101,"indent":0,"parameters":["Amia",1,1,2]},{"code":401,"indent":0,"parameters":["Well yeah but… we’re not exactly "]},{"code":401,"indent":0,"parameters":["electricians here."]},{"code":230,"indent":0,"parameters":[30]},{"code":101,"indent":0,"parameters":["Noah",3,1,2]},{"code":401,"indent":0,"parameters":["Just go and see if something seems off."]},{"code":230,"indent":0,"parameters":[30]},{"code":356,"indent":0,"parameters":["BUST LEFT FALSE"]},{"code":101,"indent":0,"parameters":["Lira",2,1,2]},{"code":401,"indent":0,"parameters":["Like a blown fuse or sparks?"]},{"code":230,"indent":0,"parameters":[30]},{"code":356,"indent":0,"parameters":["BUST RIGHT TRUE"]},{"code":101,"indent":0,"parameters":["Noah",0,1,2]},{"code":401,"indent":0,"parameters":["Yeah. Just don’t touch anything, you might "]},{"code":401,"indent":0,"parameters":["fry yourself."]},{"code":101,"indent":0,"parameters":["Noah",0,1,2]},{"code":401,"indent":0,"parameters":["Oh, and I think I lost my keycard when"]},{"code":401,"indent":0,"parameters":["Koro was doing my laundry."]},{"code":230,"indent":0,"parameters":[30]},{"code":356,"indent":0,"parameters":["BUST RIGHT TRUE"]},{"code":101,"indent":0,"parameters":["Amia",3,1,2]},{"code":401,"indent":0,"parameters":["Right…"]},{"code":221,"indent":0,"parameters":[]},{"code":230,"indent":0,"parameters":[30]},{"code":356,"indent":0,"parameters":["BUST RIGHT TRUE"]},{"code":101,"indent":0,"parameters":["Amia",0,1,2]},{"code":401,"indent":0,"parameters":["See you there sis!"]},{"code":129,"indent":0,"parameters":[2,0,false]},{"code":216,"indent":0,"parameters":[0]},{"code":121,"indent":0,"parameters":[12,12,0]},{"code":123,"indent":0,"parameters":["A",0]},{"code":222,"indent":0,"parameters":[]},{"code":0,"indent":0,"parameters":[]}],"moveFrequency":3,"moveRoute":{"list":[{"code":0,"parameters":[]}],"repeat":true,"skippable":false,"wait":false},"moveSpeed":3,"moveType":0,"priorityType":1,"stepAnime":false,"through":false,"trigger":3,"walkAnime":true},{"conditions":{"actorId":1,"actorValid":false,"itemId":1,"itemValid":false,"selfSwitchCh":"A","selfSwitchValid":true,"switch1Id":1,"switch1Valid":false,"switch2Id":1,"switch2Valid":false,"variableId":1,"variableValid":false,"variableValue":0},"directionFix":false,"image":{"characterIndex":0,"characterName":"","direction":2,"pattern":0,"tileId":0},"list":[{"code":0,"indent":0,"parameters":[]}],"moveFrequency":3,"moveRoute":{"list":[{"code":0,"parameters":[]}],"repeat":true,"skippable":false,"wait":false},"moveSpeed":3,"moveType":0,"priorityType":0,"stepAnime":false,"through":false,"trigger":0,"walkAnime":true}],"x":7,"y":4},
{"id":5,"name":"Amia_Scene5","note":"","pages":[{"conditions":{"actorId":1,"actorValid":false,"itemId":1,"itemValid":false,"selfSwitchCh":"A","selfSwitchValid":false,"switch1Id":10,"switch1Valid":true,"switch2Id":1,"switch2Valid":false,"variableId":1,"variableValid":false,"variableValue":0},"directionFix":false,"image":{"tileId":0,"characterName":"$Amia","direction":4,"pattern":1,"characterIndex":0},"list":[{"code":111,"indent":0,"parameters":[0,12,0]},{"code":205,"indent":1,"parameters":[5,{"list":[{"code":41,"parameters":["",0],"indent":null},{"code":0}],"repeat":false,"skippable":false,"wait":true}]},{"code":505,"indent":1,"parameters":[{"code":41,"parameters":["",0],"indent":null}]},{"code":0,"indent":1,"parameters":[]},{"code":412,"indent":0,"parameters":[]},{"code":111,"indent":0,"parameters":[0,18,0]},{"code":205,"indent":1,"parameters":[5,{"list":[{"code":41,"parameters":["",0],"indent":null},{"code":0}],"repeat":false,"skippable":false,"wait":true}]},{"code":505,"indent":1,"parameters":[{"code":41,"parameters":["",0],"indent":null}]},{"code":0,"indent":1,"parameters":[]},{"code":412,"indent":0,"parameters":[]},{"code":0,"indent":0,"parameters":[]}],"moveFrequency":3,"moveRoute":{"list":[{"code":0,"parameters":[]}],"repeat":true,"skippable":false,"wait":false},"moveSpeed":3,"moveType":0,"priorityType":1,"stepAnime":false,"through":false,"trigger":0,"walkAnime":true},{"conditions":{"actorId":1,"actorValid":false,"itemId":1,"itemValid":false,"selfSwitchCh":"A","selfSwitchValid":false,"switch1Id":12,"switch1Valid":true,"switch2Id":1,"switch2Valid":false,"variableId":1,"variableValid":false,"variableValue":0},"directionFix":false,"image":{"characterIndex":0,"characterName":"","direction":2,"pattern":0,"tileId":0},"list":[{"code":0,"indent":0,"parameters":[]}],"moveFrequency":3,"moveRoute":{"list":[{"code":0,"parameters":[]}],"repeat":true,"skippable":false,"wait":false},"moveSpeed":3,"moveType":0,"priorityType":0,"stepAnime":false,"through":false,"trigger":3,"walkAnime":true},{"conditions":{"actorId":1,"actorValid":false,"itemId":1,"itemValid":false,"selfSwitchCh":"A","selfSwitchValid":false,"switch1Id":18,"switch1Valid":true,"switch2Id":1,"switch2Valid":false,"variableId":1,"variableValid":false,"variableValue":0},"directionFix":false,"image":{"characterIndex":0,"characterName":"","direction":2,"pattern":0,"tileId":0},"list":[{"code":0,"indent":0,"parameters":[]}],"moveFrequency":3,"moveRoute":{"list":[{"code":0,"parameters":[]}],"repeat":true,"skippable":false,"wait":false},"moveSpeed":3,"moveType":0,"priorityType":0,"stepAnime":false,"through":false,"trigger":3,"walkAnime":true}],"x":2,"y":5},
{"id":6,"name":"EV006","note":"","pages":[{"conditions":{"actorId":1,"actorValid":false,"itemId":1,"itemValid":false,"selfSwitchCh":"A","selfSwitchValid":false,"switch1Id":5,"switch1Valid":true,"switch2Id":16,"switch2Valid":false,"variableId":1,"variableValid":false,"variableValue":0},"directionFix":false,"image":{"tileId":0,"characterName":"$Noah","direction":4,"pattern":1,"characterIndex":0},"list":[{"code":230,"indent":0,"parameters":[30]},{"code":356,"indent":0,"parameters":["BUST RIGHT TRUE"]},{"code":101,"indent":0,"parameters":["Noah",0,1,2]},{"code":401,"indent":0,"parameters":["Come back later, I'm still finnicking"]},{"code":401,"indent":0,"parameters":["with this..."]},{"code":0,"indent":0,"parameters":[]}],"moveFrequency":3,"moveRoute":{"list":[{"code":0,"parameters":[]}],"repeat":true,"skippable":false,"wait":false},"moveSpeed":3,"moveType":0,"priorityType":1,"stepAnime":false,"through":false,"trigger":0,"walkAnime":true},{"conditions":{"actorId":1,"actorValid":false,"itemId":1,"itemValid":false,"selfSwitchCh":"A","selfSwitchValid":false,"switch1Id":6,"switch1Valid":true,"switch2Id":1,"switch2Valid":false,"variableId":1,"variableValid":false,"variableValue":0},"directionFix":false,"image":{"characterIndex":0,"characterName":"","direction":2,"pattern":0,"tileId":0},"list":[{"code":0,"indent":0,"parameters":[]}],"moveFrequency":3,"moveRoute":{"list":[{"code":0,"parameters":[]}],"repeat":true,"skippable":false,"wait":false},"moveSpeed":3,"moveType":0,"priorityType":0,"stepAnime":false,"through":false,"trigger":0,"walkAnime":true}],"x":2,"y":4},
{"id":7,"name":"EV007","note":"","pages":[{"conditions":{"actorId":1,"actorValid":false,"itemId":1,"itemValid":false,"selfSwitchCh":"A","selfSwitchValid":false,"switch1Id":62,"switch1Valid":true,"switch2Id":13,"switch2Valid":true,"variableId":1,"variableValid":false,"variableValue":0},"directionFix":false,"image":{"characterIndex":0,"characterName":"","direction":2,"pattern":0,"tileId":0},"list":[{"code":203,"indent":0,"parameters":[0,0,2,4,4]},{"code":205,"indent":0,"parameters":[0,{"list":[{"code":41,"parameters":["$Amia",0],"indent":null},{"code":0}],"repeat":false,"skippable":false,"wait":true}]},{"code":505,"indent":0,"parameters":[{"code":41,"parameters":["$Amia",0],"indent":null}]},{"code":222,"indent":0,"parameters":[]},{"code":230,"indent":0,"parameters":[30]},{"code":356,"indent":0,"parameters":["BUST RIGHT TRUE"]},{"code":101,"indent":0,"parameters":["Amia",1,1,2]},{"code":401,"indent":0,"parameters":["Right, let’s see here…"]},{"code":230,"indent":0,"parameters":[30]},{"code":356,"indent":0,"parameters":["BUST LEFT FALSE"]},{"code":101,"indent":0,"parameters":["Lira",1,1,2]},{"code":401,"indent":0,"parameters":["You sure you know how to do this?"]},{"code":230,"indent":0,"parameters":[30]},{"code":356,"indent":0,"parameters":["BUST RIGHT TRUE"]},{"code":101,"indent":0,"parameters":["Amia",2,1,2]},{"code":401,"indent":0,"parameters":["Yeah, yeah, just give me a moment."]},{"code":230,"indent":0,"parameters":[30]},{"code":356,"indent":0,"parameters":["BUST RIGHT TRUE"]},{"code":101,"indent":0,"parameters":["Amia",2,1,2]},{"code":401,"indent":0,"parameters":["Press this… hit that… okay…"]},{"code":250,"indent":0,"parameters":[{"name":"powerup_08","volume":20,"pitch":90,"pan":0}]},{"code":224,"indent":0,"parameters":[[85,255,85,170],60,true]},{"code":223,"indent":0,"parameters":[[-238,-17,-136,68],60,false]},{"code":230,"indent":0,"parameters":[30]},{"code":356,"indent":0,"parameters":["BUST RIGHT TRUE"]},{"code":101,"indent":0,"parameters":["Amia",1,1,2]},{"code":401,"indent":0,"parameters":["Aha!"]},{"code":230,"indent":0,"parameters":[30]},{"code":356,"indent":0,"parameters":["BUST LEFT FALSE"]},{"code":101,"indent":0,"parameters":["Lira",0,1,2]},{"code":401,"indent":0,"parameters":["Ooh! Is that good?"]},{"code":230,"indent":0,"parameters":[30]},{"code":356,"indent":0,"parameters":["BUST RIGHT TRUE"]},{"code":101,"indent":0,"parameters":["Amia",1,1,2]},{"code":401,"indent":0,"parameters":["Yeah, that means its working. "]},{"code":401,"indent":0,"parameters":["Let’s see. Tune it towards earth…"]},{"code":224,"indent":0,"parameters":[[221,17,17,136],60,true]},{"code":223,"indent":0,"parameters":[[-68,-68,-68,0],60,false]},{"code":111,"indent":0,"parameters":[0,64,0]},{"code":230,"indent":1,"parameters":[30]},{"code":356,"indent":1,"parameters":["BUST RIGHT TRUE"]},{"code":101,"indent":1,"parameters":["Amia",1,1,2]},{"code":401,"indent":1,"parameters":["Looks like someone already tuned us to "]},{"code":401,"indent":1,"parameters":["Earth!"]},{"code":0,"indent":1,"parameters":[]},{"code":411,"indent":0,"parameters":[]},{"code":230,"indent":1,"parameters":[30]},{"code":356,"indent":1,"parameters":["BUST RIGHT TRUE"]},{"code":101,"indent":1,"parameters":["Amia",1,1,2]},{"code":401,"indent":1,"parameters":["Darn, looks we aren't tuned to Earth."]},{"code":401,"indent":1,"parameters":["We need those lights on the wall to all "]},{"code":401,"indent":1,"parameters":["read green, try those switches down there."]},{"code":0,"indent":1,"parameters":[]},{"code":412,"indent":0,"parameters":[]},{"code":123,"indent":0,"parameters":["B",0]},{"code":0,"indent":0,"parameters":[]}],"moveFrequency":3,"moveRoute":{"list":[{"code":0,"parameters":[]}],"repeat":true,"skippable":false,"wait":false},"moveSpeed":3,"moveType":0,"priorityType":1,"stepAnime":false,"through":false,"trigger":3,"walkAnime":true},{"conditions":{"actorId":1,"actorValid":false,"itemId":1,"itemValid":false,"selfSwitchCh":"B","selfSwitchValid":true,"switch1Id":64,"switch1Valid":true,"switch2Id":1,"switch2Valid":false,"variableId":1,"variableValid":false,"variableValue":0},"directionFix":false,"image":{"characterIndex":0,"characterName":"","direction":2,"pattern":0,"tileId":0},"list":[{"code":123,"indent":0,"parameters":["B",1]},{"code":203,"indent":0,"parameters":[0,0,2,4,4]},{"code":205,"indent":0,"parameters":[0,{"list":[{"code":41,"parameters":["$Amia",0],"indent":null},{"code":0}],"repeat":false,"skippable":false,"wait":true}]},{"code":505,"indent":0,"parameters":[{"code":41,"parameters":["$Amia",0],"indent":null}]},{"code":230,"indent":0,"parameters":[30]},{"code":356,"indent":0,"parameters":["BUST RIGHT TRUE"]},{"code":101,"indent":0,"parameters":["Amia",0,1,2]},{"code":401,"indent":0,"parameters":["And there we go. "]},{"code":401,"indent":0,"parameters":["The transmit button is there."]},{"code":230,"indent":0,"parameters":[30]},{"code":356,"indent":0,"parameters":["BUST LEFT FALSE"]},{"code":101,"indent":0,"parameters":["Lira",3,1,2]},{"code":401,"indent":0,"parameters":["This is happening so quickly, "]},{"code":401,"indent":0,"parameters":["I hardly know what to say to them"]},{"code":230,"indent":0,"parameters":[30]},{"code":356,"indent":0,"parameters":["BUST RIGHT TRUE"]},{"code":101,"indent":0,"parameters":["Amia",0,1,2]},{"code":401,"indent":0,"parameters":["Transmit video? Yeah."]},{"code":230,"indent":0,"parameters":[30]},{"code":356,"indent":0,"parameters":["BUST RIGHT TRUE"]},{"code":101,"indent":0,"parameters":["Amia",1,1,2]},{"code":401,"indent":0,"parameters":["Okay, ready sis? "]},{"code":230,"indent":0,"parameters":[30]},{"code":356,"indent":0,"parameters":["BUST LEFT FALSE"]},{"code":101,"indent":0,"parameters":["Lira",3,1,2]},{"code":401,"indent":0,"parameters":["As I’ll ever be."]},{"code":230,"indent":0,"parameters":[30]},{"code":356,"indent":0,"parameters":["BUST RIGHT TRUE"]},{"code":101,"indent":0,"parameters":["Amia",1,1,2]},{"code":401,"indent":0,"parameters":["Alright, then."]},{"code":401,"indent":0,"parameters":["3, 2, 1… Transmitting.."]},{"code":205,"indent":0,"parameters":[-1,{"list":[{"code":17,"indent":null},{"code":0}],"repeat":false,"skippable":false,"wait":true}]},{"code":505,"indent":0,"parameters":[{"code":17,"indent":null}]},{"code":223,"indent":0,"parameters":[[-68,102,102,0],30,false]},{"code":205,"indent":0,"parameters":[0,{"list":[{"code":17,"indent":null},{"code":0}],"repeat":false,"skippable":false,"wait":true}]},{"code":505,"indent":0,"parameters":[{"code":17,"indent":null}]},{"code":250,"indent":0,"parameters":[{"name":"Computer","volume":25,"pitch":100,"pan":0}]},{"code":230,"indent":0,"parameters":[180]},{"code":230,"indent":0,"parameters":[30]},{"code":356,"indent":0,"parameters":["BUST RIGHT TRUE"]},{"code":101,"indent":0,"parameters":["Amia",1,1,2]},{"code":401,"indent":0,"parameters":["..."]},{"code":230,"indent":0,"parameters":[30]},{"code":356,"indent":0,"parameters":["BUST RIGHT TRUE"]},{"code":101,"indent":0,"parameters":["Amia",1,1,2]},{"code":401,"indent":0,"parameters":["Uh… hey, guys! "]},{"code":401,"indent":0,"parameters":["Uh yeah, this is Amia and Lira Zukunshoff."]},{"code":230,"indent":0,"parameters":[30]},{"code":356,"indent":0,"parameters":["BUST RIGHT TRUE"]},{"code":101,"indent":0,"parameters":["Amia",1,1,2]},{"code":401,"indent":0,"parameters":["This is probably going towards HQ first "]},{"code":401,"indent":0,"parameters":["soo..."]},{"code":230,"indent":0,"parameters":[30]},{"code":356,"indent":0,"parameters":["BUST RIGHT TRUE"]},{"code":101,"indent":0,"parameters":["Amia",1,1,2]},{"code":401,"indent":0,"parameters":["I guess to you folks, please "]},{"code":401,"indent":0,"parameters":["send this over to our family."]},{"code":230,"indent":0,"parameters":[30]},{"code":356,"indent":0,"parameters":["BUST RIGHT TRUE"]},{"code":101,"indent":0,"parameters":["Amia",0,1,2]},{"code":401,"indent":0,"parameters":["*ahem*"]},{"code":230,"indent":0,"parameters":[30]},{"code":356,"indent":0,"parameters":["BUST RIGHT TRUE"]},{"code":101,"indent":0,"parameters":["Amia",0,1,2]},{"code":401,"indent":0,"parameters":["We wanted to let you know that "]},{"code":401,"indent":0,"parameters":["we’re almost back!"]},{"code":230,"indent":0,"parameters":[30]},{"code":356,"indent":0,"parameters":["BUST RIGHT TRUE"]},{"code":101,"indent":0,"parameters":["Amia",0,1,2]},{"code":401,"indent":0,"parameters":["Just a few more weeks, and we’ll be back"]},{"code":401,"indent":0,"parameters":["home!"]},{"code":230,"indent":0,"parameters":[30]},{"code":356,"indent":0,"parameters":["BUST RIGHT TRUE"]},{"code":101,"indent":0,"parameters":["Amia",1,1,2]},{"code":401,"indent":0,"parameters":["We’ve seen so much out on this expedition…"]},{"code":230,"indent":0,"parameters":[30]},{"code":356,"indent":0,"parameters":["BUST LEFT FALSE"]},{"code":101,"indent":0,"parameters":["Lira",3,1,2]},{"code":401,"indent":0,"parameters":["Yeah! It’s been so amazing."]},{"code":230,"indent":0,"parameters":[30]},{"code":356,"indent":0,"parameters":["BUST LEFT FALSE"]},{"code":101,"indent":0,"parameters":["Lira",3,1,2]},{"code":401,"indent":0,"parameters":["I don’t think I’ll ever be able to see "]},{"code":401,"indent":0,"parameters":["anything prettier, heh."]},{"code":230,"indent":0,"parameters":[30]},{"code":356,"indent":0,"parameters":["BUST LEFT FALSE"]},{"code":101,"indent":0,"parameters":["Lira",3,1,2]},{"code":401,"indent":0,"parameters":["Sucks to be a future Lira suitor!"]},{"code":230,"indent":0,"parameters":[30]},{"code":356,"indent":0,"parameters":["BUST RIGHT TRUE"]},{"code":101,"indent":0,"parameters":["Amia",1,1,2]},{"code":401,"indent":0,"parameters":["Heh, yeah. Little brother, "]},{"code":401,"indent":0,"parameters":["since I know you’re the one getting this, "]},{"code":401,"indent":0,"parameters":["how are you?"]},{"code":230,"indent":0,"parameters":[30]},{"code":356,"indent":0,"parameters":["BUST RIGHT TRUE"]},{"code":101,"indent":0,"parameters":["Amia",0,1,2]},{"code":401,"indent":0,"parameters":["I know you worry so easily,"]},{"code":401,"indent":0,"parameters":["but I hope it hasn’t been too bad."]},{"code":230,"indent":0,"parameters":[30]},{"code":356,"indent":0,"parameters":["BUST RIGHT TRUE"]},{"code":101,"indent":0,"parameters":["Amia",0,1,2]},{"code":401,"indent":0,"parameters":["Your sisters are fine! We’ll be back home "]},{"code":401,"indent":0,"parameters":["soon to give you all the love and hugs "]},{"code":401,"indent":0,"parameters":["you need."]},{"code":230,"indent":0,"parameters":[30]},{"code":356,"indent":0,"parameters":["BUST LEFT FALSE"]},{"code":101,"indent":0,"parameters":["Lira",0,1,2]},{"code":401,"indent":0,"parameters":["You better be ready!"]},{"code":111,"indent":0,"parameters":[0,5,0]},{"code":230,"indent":1,"parameters":[30]},{"code":356,"indent":1,"parameters":["BUST RIGHT TRUE"]},{"code":101,"indent":1,"parameters":["Amia",2,1,2]},{"code":401,"indent":1,"parameters":["I know you asked for a gift but… "]},{"code":401,"indent":1,"parameters":["we’ve been real busy."]},{"code":230,"indent":1,"parameters":[30]},{"code":356,"indent":1,"parameters":["BUST LEFT FALSE"]},{"code":101,"indent":1,"parameters":["Lira",3,1,2]},{"code":401,"indent":1,"parameters":["Heh, yeah…"]},{"code":230,"indent":1,"parameters":[30]},{"code":356,"indent":1,"parameters":["BUST RIGHT TRUE"]},{"code":101,"indent":1,"parameters":["Amia",0,1,2]},{"code":401,"indent":1,"parameters":["Yeah, we’ll try to find some time though!"]},{"code":0,"indent":1,"parameters":[]},{"code":411,"indent":0,"parameters":[]},{"code":230,"indent":1,"parameters":[30]},{"code":356,"indent":1,"parameters":["BUST RIGHT TRUE"]},{"code":101,"indent":1,"parameters":["Amia",0,1,2]},{"code":401,"indent":1,"parameters":["I know you asked for a gift, "]},{"code":401,"indent":1,"parameters":["so we’ve got one for you!"]},{"code":230,"indent":1,"parameters":[30]},{"code":356,"indent":1,"parameters":["BUST LEFT FALSE"]},{"code":101,"indent":1,"parameters":["Lira",0,1,2]},{"code":401,"indent":1,"parameters":["It’s the best darn gift you’ll ever get."]},{"code":230,"indent":1,"parameters":[30]},{"code":356,"indent":1,"parameters":["BUST RIGHT TRUE"]},{"code":101,"indent":1,"parameters":["Amia",1,1,2]},{"code":401,"indent":1,"parameters":["Hehe, yeah. "]},{"code":401,"indent":1,"parameters":["We won’t show it now though, "]},{"code":401,"indent":1,"parameters":["it’ll be a surprise!"]},{"code":0,"indent":1,"parameters":[]},{"code":412,"indent":0,"parameters":[]},{"code":230,"indent":0,"parameters":[30]},{"code":356,"indent":0,"parameters":["BUST LEFT FALSE"]},{"code":101,"indent":0,"parameters":["Lira",0,1,2]},{"code":401,"indent":0,"parameters":["Right, Sal we don’t have much time left, "]},{"code":401,"indent":0,"parameters":["this transmission uses a crapton of power!"]},{"code":230,"indent":0,"parameters":[30]},{"code":356,"indent":0,"parameters":["BUST RIGHT TRUE"]},{"code":101,"indent":0,"parameters":["Amia",3,1,2]},{"code":401,"indent":0,"parameters":["Language, sis."]},{"code":230,"indent":0,"parameters":[30]},{"code":356,"indent":0,"parameters":["BUST LEFT FALSE"]},{"code":101,"indent":0,"parameters":["Lira",0,1,2]},{"code":401,"indent":0,"parameters":["R-right, heh, sorry. Listen, "]},{"code":401,"indent":0,"parameters":["We love you alot, alright little brother?"]},{"code":230,"indent":0,"parameters":[30]},{"code":356,"indent":0,"parameters":["BUST LEFT FALSE"]},{"code":101,"indent":0,"parameters":["Lira",0,1,2]},{"code":401,"indent":0,"parameters":["I promise you there hasn’t been a day "]},{"code":401,"indent":0,"parameters":["we’ve been out here that we haven’t "]},{"code":401,"indent":0,"parameters":["thought of you."]},{"code":230,"indent":0,"parameters":[30]},{"code":356,"indent":0,"parameters":["BUST RIGHT TRUE"]},{"code":101,"indent":0,"parameters":["Amia",0,1,2]},{"code":401,"indent":0,"parameters":["I agree. "]},{"code":401,"indent":0,"parameters":["We’ll be back soon. Goodbye for now, bro. "]},{"code":401,"indent":0,"parameters":["We love you"]},{"code":223,"indent":0,"parameters":[[-68,-68,-68,0],60,false]},{"code":230,"indent":0,"parameters":[30]},{"code":356,"indent":0,"parameters":["BUST LEFT FALSE"]},{"code":101,"indent":0,"parameters":["Lira",3,1,2]},{"code":401,"indent":0,"parameters":["Aaand… it’s done."]},{"code":230,"indent":0,"parameters":[30]},{"code":356,"indent":0,"parameters":["BUST RIGHT TRUE"]},{"code":101,"indent":0,"parameters":["Amia",0,1,2]},{"code":401,"indent":0,"parameters":["I hope Sal appreciates that."]},{"code":230,"indent":0,"parameters":[30]},{"code":356,"indent":0,"parameters":["BUST LEFT FALSE"]},{"code":101,"indent":0,"parameters":["Lira",3,1,2]},{"code":401,"indent":0,"parameters":["I’m sure he did. Let’s go back to sleep."]},{"code":221,"indent":0,"parameters":[]},{"code":121,"indent":0,"parameters":[19,19,0]},{"code":121,"indent":0,"parameters":[13,13,1]},{"code":223,"indent":0,"parameters":[[0,0,0,0],60,false]},{"code":201,"indent":0,"parameters":[0,4,5,7,2,0]},{"code":222,"indent":0,"parameters":[]},{"code":123,"indent":0,"parameters":["A",0]},{"code":0,"indent":0,"parameters":[]}],"moveFrequency":3,"moveRoute":{"list":[{"code":0,"parameters":[]}],"repeat":true,"skippable":false,"wait":false},"moveSpeed":3,"moveType":0,"priorityType":0,"stepAnime":false,"through":false,"trigger":0,"walkAnime":true},{"conditions":{"actorId":1,"actorValid":false,"itemId":1,"itemValid":false,"selfSwitchCh":"A","selfSwitchValid":true,"switch1Id":1,"switch1Valid":false,"switch2Id":1,"switch2Valid":false,"variableId":1,"variableValid":false,"variableValue":0},"directionFix":false,"image":{"characterIndex":0,"characterName":"","direction":2,"pattern":0,"tileId":0},"list":[{"code":0,"indent":0,"parameters":[]}],"moveFrequency":3,"moveRoute":{"list":[{"code":0,"parameters":[]}],"repeat":true,"skippable":false,"wait":false},"moveSpeed":3,"moveType":0,"priorityType":0,"stepAnime":false,"through":false,"trigger":0,"walkAnime":true},{"conditions":{"actorId":1,"actorValid":false,"itemId":1,"itemValid":false,"selfSwitchCh":"B","selfSwitchValid":true,"switch1Id":1,"switch1Valid":false,"switch2Id":1,"switch2Valid":false,"variableId":1,"variableValid":false,"variableValue":0},"directionFix":false,"image":{"tileId":0,"characterName":"$Amia","direction":4,"pattern":1,"characterIndex":0},"list":[{"code":111,"indent":0,"parameters":[0,64,1]},{"code":230,"indent":1,"parameters":[30]},{"code":356,"indent":1,"parameters":["BUST RIGHT TRUE"]},{"code":101,"indent":1,"parameters":["Amia",1,1,2]},{"code":401,"indent":1,"parameters":["We need to get tuned to Earth."]},{"code":401,"indent":1,"parameters":["We need those lights on the wall to all "]},{"code":401,"indent":1,"parameters":["read green, try those switches down there."]},{"code":0,"indent":1,"parameters":[]},{"code":411,"indent":0,"parameters":[]},{"code":123,"indent":1,"parameters":["B",1]},{"code":203,"indent":1,"parameters":[0,0,2,4,4]},{"code":205,"indent":1,"parameters":[0,{"list":[{"code":41,"parameters":["$Amia",0],"indent":null},{"code":0}],"repeat":false,"skippable":false,"wait":true}]},{"code":505,"indent":1,"parameters":[{"code":41,"parameters":["$Amia",0],"indent":null}]},{"code":230,"indent":1,"parameters":[30]},{"code":356,"indent":1,"parameters":["BUST RIGHT TRUE"]},{"code":101,"indent":1,"parameters":["Amia",0,1,2]},{"code":401,"indent":1,"parameters":["And there we go. "]},{"code":401,"indent":1,"parameters":["The transmit button is there."]},{"code":230,"indent":1,"parameters":[30]},{"code":356,"indent":1,"parameters":["BUST LEFT FALSE"]},{"code":101,"indent":1,"parameters":["Lira",3,1,2]},{"code":401,"indent":1,"parameters":["This is happening so quickly, "]},{"code":401,"indent":1,"parameters":["I hardly know what to say to them"]},{"code":230,"indent":1,"parameters":[30]},{"code":356,"indent":1,"parameters":["BUST RIGHT TRUE"]},{"code":101,"indent":1,"parameters":["Amia",0,1,2]},{"code":401,"indent":1,"parameters":["Transmit video? Yeah."]},{"code":230,"indent":1,"parameters":[30]},{"code":356,"indent":1,"parameters":["BUST RIGHT TRUE"]},{"code":101,"indent":1,"parameters":["Amia",1,1,2]},{"code":401,"indent":1,"parameters":["Okay, ready sis? "]},{"code":230,"indent":1,"parameters":[30]},{"code":356,"indent":1,"parameters":["BUST LEFT FALSE"]},{"code":101,"indent":1,"parameters":["Lira",3,1,2]},{"code":401,"indent":1,"parameters":["As I’ll ever be."]},{"code":230,"indent":1,"parameters":[30]},{"code":356,"indent":1,"parameters":["BUST RIGHT TRUE"]},{"code":101,"indent":1,"parameters":["Amia",1,1,2]},{"code":401,"indent":1,"parameters":["Alright, then."]},{"code":401,"indent":1,"parameters":["3, 2, 1… Transmitting.."]},{"code":223,"indent":1,"parameters":[[-68,102,102,0],30,false]},{"code":250,"indent":1,"parameters":[{"name":"Computer","volume":25,"pitch":100,"pan":0}]},{"code":230,"indent":1,"parameters":[180]},{"code":230,"indent":1,"parameters":[30]},{"code":356,"indent":1,"parameters":["BUST RIGHT TRUE"]},{"code":101,"indent":1,"parameters":["Amia",1,1,2]},{"code":401,"indent":1,"parameters":["..."]},{"code":230,"indent":1,"parameters":[30]},{"code":356,"indent":1,"parameters":["BUST RIGHT TRUE"]},{"code":101,"indent":1,"parameters":["Amia",1,1,2]},{"code":401,"indent":1,"parameters":["Uh… hey, guys! "]},{"code":401,"indent":1,"parameters":["Uh yeah, this is Amia and Lira Zukunshoff."]},{"code":230,"indent":1,"parameters":[30]},{"code":356,"indent":1,"parameters":["BUST RIGHT TRUE"]},{"code":101,"indent":1,"parameters":["Amia",1,1,2]},{"code":401,"indent":1,"parameters":["This is probably going towards HQ first "]},{"code":401,"indent":1,"parameters":["soo..."]},{"code":230,"indent":1,"parameters":[30]},{"code":356,"indent":1,"parameters":["BUST RIGHT TRUE"]},{"code":101,"indent":1,"parameters":["Amia",1,1,2]},{"code":401,"indent":1,"parameters":["I guess to you folks, please "]},{"code":401,"indent":1,"parameters":["send this over to our family."]},{"code":230,"indent":1,"parameters":[30]},{"code":356,"indent":1,"parameters":["BUST RIGHT TRUE"]},{"code":101,"indent":1,"parameters":["Amia",0,1,2]},{"code":401,"indent":1,"parameters":["*ahem*"]},{"code":230,"indent":1,"parameters":[30]},{"code":356,"indent":1,"parameters":["BUST RIGHT TRUE"]},{"code":101,"indent":1,"parameters":["Amia",0,1,2]},{"code":401,"indent":1,"parameters":["We wanted to let you know that "]},{"code":401,"indent":1,"parameters":["we’re almost back!"]},{"code":230,"indent":1,"parameters":[30]},{"code":356,"indent":1,"parameters":["BUST RIGHT TRUE"]},{"code":101,"indent":1,"parameters":["Amia",0,1,2]},{"code":401,"indent":1,"parameters":["Just a few more weeks, and we’ll be back"]},{"code":401,"indent":1,"parameters":["home!"]},{"code":230,"indent":1,"parameters":[30]},{"code":356,"indent":1,"parameters":["BUST RIGHT TRUE"]},{"code":101,"indent":1,"parameters":["Amia",1,1,2]},{"code":401,"indent":1,"parameters":["We’ve seen so much out on this expedition…"]},{"code":230,"indent":1,"parameters":[30]},{"code":356,"indent":1,"parameters":["BUST LEFT FALSE"]},{"code":101,"indent":1,"parameters":["Lira",3,1,2]},{"code":401,"indent":1,"parameters":["Yeah! It’s been so amazing."]},{"code":230,"indent":1,"parameters":[30]},{"code":356,"indent":1,"parameters":["BUST LEFT FALSE"]},{"code":101,"indent":1,"parameters":["Lira",3,1,2]},{"code":401,"indent":1,"parameters":["I don’t think I’ll ever be able to see "]},{"code":401,"indent":1,"parameters":["anything prettier, heh."]},{"code":230,"indent":1,"parameters":[30]},{"code":356,"indent":1,"parameters":["BUST LEFT FALSE"]},{"code":101,"indent":1,"parameters":["Lira",3,1,2]},{"code":401,"indent":1,"parameters":["Sucks to be a future Lira suitor!"]},{"code":230,"indent":1,"parameters":[30]},{"code":356,"indent":1,"parameters":["BUST RIGHT TRUE"]},{"code":101,"indent":1,"parameters":["Amia",1,1,2]},{"code":401,"indent":1,"parameters":["Heh, yeah. Little brother, "]},{"code":401,"indent":1,"parameters":["since I know you’re the one getting this, "]},{"code":401,"indent":1,"parameters":["how are you?"]},{"code":230,"indent":1,"parameters":[30]},{"code":356,"indent":1,"parameters":["BUST RIGHT TRUE"]},{"code":101,"indent":1,"parameters":["Amia",0,1,2]},{"code":401,"indent":1,"parameters":["I know you worry so easily,"]},{"code":401,"indent":1,"parameters":["but I hope it hasn’t been too bad."]},{"code":230,"indent":1,"parameters":[30]},{"code":356,"indent":1,"parameters":["BUST RIGHT TRUE"]},{"code":101,"indent":1,"parameters":["Amia",0,1,2]},{"code":401,"indent":1,"parameters":["Your sisters are fine! We’ll be back home "]},{"code":401,"indent":1,"parameters":["soon to give you all the love and hugs "]},{"code":401,"indent":1,"parameters":["you need."]},{"code":230,"indent":1,"parameters":[30]},{"code":356,"indent":1,"parameters":["BUST LEFT FALSE"]},{"code":101,"indent":1,"parameters":["Lira",0,1,2]},{"code":401,"indent":1,"parameters":["You better be ready!"]},{"code":111,"indent":1,"parameters":[0,5,0]},{"code":230,"indent":2,"parameters":[30]},{"code":356,"indent":2,"parameters":["BUST RIGHT TRUE"]},{"code":101,"indent":2,"parameters":["Amia",2,1,2]},{"code":401,"indent":2,"parameters":["I know you asked for a gift but… "]},{"code":401,"indent":2,"parameters":["we’ve been real busy."]},{"code":230,"indent":2,"parameters":[30]},{"code":356,"indent":2,"parameters":["BUST LEFT FALSE"]},{"code":101,"indent":2,"parameters":["Lira",3,1,2]},{"code":401,"indent":2,"parameters":["Heh, yeah…"]},{"code":230,"indent":2,"parameters":[30]},{"code":356,"indent":2,"parameters":["BUST RIGHT TRUE"]},{"code":101,"indent":2,"parameters":["Amia",0,1,2]},{"code":401,"indent":2,"parameters":["Yeah, we’ll try to find some time though!"]},{"code":0,"indent":2,"parameters":[]},{"code":411,"indent":1,"parameters":[]},{"code":230,"indent":2,"parameters":[30]},{"code":356,"indent":2,"parameters":["BUST RIGHT TRUE"]},{"code":101,"indent":2,"parameters":["Amia",0,1,2]},{"code":401,"indent":2,"parameters":["I know you asked for a gift, "]},{"code":401,"indent":2,"parameters":["so we’ve got one for you!"]},{"code":230,"indent":2,"parameters":[30]},{"code":356,"indent":2,"parameters":["BUST LEFT FALSE"]},{"code":101,"indent":2,"parameters":["Lira",0,1,2]},{"code":401,"indent":2,"parameters":["It’s the best darn gift you’ll ever get."]},{"code":230,"indent":2,"parameters":[30]},{"code":356,"indent":2,"parameters":["BUST RIGHT TRUE"]},{"code":101,"indent":2,"parameters":["Amia",1,1,2]},{"code":401,"indent":2,"parameters":["Hehe, yeah. "]},{"code":401,"indent":2,"parameters":["We won’t show it now though, "]},{"code":401,"indent":2,"parameters":["it’ll be a surprise!"]},{"code":0,"indent":2,"parameters":[]},{"code":412,"indent":1,"parameters":[]},{"code":230,"indent":1,"parameters":[30]},{"code":356,"indent":1,"parameters":["BUST LEFT FALSE"]},{"code":101,"indent":1,"parameters":["Lira",0,1,2]},{"code":401,"indent":1,"parameters":["Right, Sal we don’t have much time left, "]},{"code":401,"indent":1,"parameters":["this transmission uses a crapton of power!"]},{"code":230,"indent":1,"parameters":[30]},{"code":356,"indent":1,"parameters":["BUST RIGHT TRUE"]},{"code":101,"indent":1,"parameters":["Amia",3,1,2]},{"code":401,"indent":1,"parameters":["Language, sis."]},{"code":230,"indent":1,"parameters":[30]},{"code":356,"indent":1,"parameters":["BUST LEFT FALSE"]},{"code":101,"indent":1,"parameters":["Lira",0,1,2]},{"code":401,"indent":1,"parameters":["R-right, heh, sorry. Listen, "]},{"code":401,"indent":1,"parameters":["We love you alot, alright little brother?"]},{"code":230,"indent":1,"parameters":[30]},{"code":356,"indent":1,"parameters":["BUST LEFT FALSE"]},{"code":101,"indent":1,"parameters":["Lira",0,1,2]},{"code":401,"indent":1,"parameters":["I promise you there hasn’t been a day "]},{"code":401,"indent":1,"parameters":["we’ve been out here that we haven’t "]},{"code":401,"indent":1,"parameters":["thought of you."]},{"code":230,"indent":1,"parameters":[30]},{"code":356,"indent":1,"parameters":["BUST RIGHT TRUE"]},{"code":101,"indent":1,"parameters":["Amia",0,1,2]},{"code":401,"indent":1,"parameters":["I agree. "]},{"code":401,"indent":1,"parameters":["We’ll be back soon. Goodbye for now, bro. "]},{"code":401,"indent":1,"parameters":["We love you"]},{"code":223,"indent":1,"parameters":[[-68,-68,-68,0],60,false]},{"code":230,"indent":1,"parameters":[30]},{"code":356,"indent":1,"parameters":["BUST LEFT FALSE"]},{"code":101,"indent":1,"parameters":["Lira",3,1,2]},{"code":401,"indent":1,"parameters":["Aaand… it’s done."]},{"code":230,"indent":1,"parameters":[30]},{"code":356,"indent":1,"parameters":["BUST RIGHT TRUE"]},{"code":101,"indent":1,"parameters":["Amia",0,1,2]},{"code":401,"indent":1,"parameters":["I hope Sal appreciates that."]},{"code":230,"indent":1,"parameters":[30]},{"code":356,"indent":1,"parameters":["BUST LEFT FALSE"]},{"code":101,"indent":1,"parameters":["Lira",3,1,2]},{"code":401,"indent":1,"parameters":["I’m sure he did. Let’s go back to sleep."]},{"code":221,"indent":1,"parameters":[]},{"code":121,"indent":1,"parameters":[19,19,0]},{"code":121,"indent":1,"parameters":[13,13,1]},{"code":223,"indent":1,"parameters":[[0,0,0,0],60,false]},{"code":201,"indent":1,"parameters":[0,4,5,7,2,0]},{"code":222,"indent":1,"parameters":[]},{"code":230,"indent":1,"parameters":[30]},{"code":356,"indent":1,"parameters":["BUST LEFT FALSE"]},{"code":101,"indent":1,"parameters":["Lira",0,1,2]},{"code":401,"indent":1,"parameters":["Ah, another day..."]},{"code":401,"indent":1,"parameters":["Oh! the lights are back! Awesome."]},{"code":230,"indent":1,"parameters":[30]},{"code":356,"indent":1,"parameters":["BUST LEFT FALSE"]},{"code":101,"indent":1,"parameters":["Lira",0,1,2]},{"code":401,"indent":1,"parameters":["I should see Alern. What he said has been"]},{"code":401,"indent":1,"parameters":["on my mind..."]},{"code":123,"indent":1,"parameters":["A",0]},{"code":0,"indent":1,"parameters":[]},{"code":412,"indent":0,"parameters":[]},{"code":121,"indent":0,"parameters":[24,24,0]},{"code":0,"indent":0,"parameters":[]}],"moveFrequency":3,"moveRoute":{"list":[{"code":0,"parameters":[]}],"repeat":true,"skippable":false,"wait":false},"moveSpeed":3,"moveType":0,"priorityType":1,"stepAnime":false,"through":false,"trigger":0,"walkAnime":true}],"x":0,"y":0},
{"id":8,"name":"Switch1","note":"","pages":[{"conditions":{"actorId":1,"actorValid":false,"itemId":1,"itemValid":false,"selfSwitchCh":"A","selfSwitchValid":false,"switch1Id":1,"switch1Valid":false,"switch2Id":1,"switch2Valid":false,"variableId":1,"variableValid":false,"variableValue":0},"directionFix":false,"image":{"tileId":0,"characterName":"!Switch1","direction":2,"pattern":0,"characterIndex":3},"list":[{"code":205,"indent":0,"parameters":[8,{"list":[{"code":17,"indent":null},{"code":15,"parameters":[10],"indent":null},{"code":18,"indent":null},{"code":15,"parameters":[10],"indent":null},{"code":17,"indent":null},{"code":15,"parameters":[10],"indent":null},{"code":16,"indent":null},{"code":15,"parameters":[10],"indent":null},{"code":0}],"repeat":false,"skippable":false,"wait":true}]},{"code":505,"indent":0,"parameters":[{"code":17,"indent":null}]},{"code":505,"indent":0,"parameters":[{"code":15,"parameters":[10],"indent":null}]},{"code":505,"indent":0,"parameters":[{"code":18,"indent":null}]},{"code":505,"indent":0,"parameters":[{"code":15,"parameters":[10],"indent":null}]},{"code":505,"indent":0,"parameters":[{"code":17,"indent":null}]},{"code":505,"indent":0,"parameters":[{"code":15,"parameters":[10],"indent":null}]},{"code":505,"indent":0,"parameters":[{"code":16,"indent":null}]},{"code":505,"indent":0,"parameters":[{"code":15,"parameters":[10],"indent":null}]},{"code":205,"indent":0,"parameters":[11,{"list":[{"code":21,"indent":null},{"code":0}],"repeat":false,"skippable":false,"wait":false}]},{"code":505,"indent":0,"parameters":[{"code":21,"indent":null}]},{"code":205,"indent":0,"parameters":[12,{"list":[{"code":21,"indent":null},{"code":0}],"repeat":false,"skippable":false,"wait":false}]},{"code":505,"indent":0,"parameters":[{"code":21,"indent":null}]},{"code":205,"indent":0,"parameters":[13,{"list":[{"code":21,"indent":null},{"code":0}],"repeat":false,"skippable":false,"wait":false}]},{"code":505,"indent":0,"parameters":[{"code":21,"indent":null}]},{"code":0,"indent":0,"parameters":[]}],"moveFrequency":3,"moveRoute":{"list":[{"code":0,"parameters":[]}],"repeat":true,"skippable":false,"wait":false},"moveSpeed":1,"moveType":0,"priorityType":1,"stepAnime":true,"through":false,"trigger":0,"walkAnime":false}],"x":2,"y":7},
{"id":9,"name":"Switch2","note":"","pages":[{"conditions":{"actorId":1,"actorValid":false,"itemId":1,"itemValid":false,"selfSwitchCh":"A","selfSwitchValid":false,"switch1Id":1,"switch1Valid":false,"switch2Id":1,"switch2Valid":false,"variableId":1,"variableValid":false,"variableValue":0},"directionFix":false,"image":{"tileId":0,"characterName":"!Switch1","direction":2,"pattern":0,"characterIndex":3},"list":[{"code":205,"indent":0,"parameters":[9,{"list":[{"code":17,"indent":null},{"code":15,"parameters":[10],"indent":null},{"code":18,"indent":null},{"code":15,"parameters":[10],"indent":null},{"code":17,"indent":null},{"code":15,"parameters":[10],"indent":null},{"code":16,"indent":null},{"code":15,"parameters":[10],"indent":null},{"code":0}],"repeat":false,"skippable":false,"wait":true}]},{"code":505,"indent":0,"parameters":[{"code":17,"indent":null}]},{"code":505,"indent":0,"parameters":[{"code":15,"parameters":[10],"indent":null}]},{"code":505,"indent":0,"parameters":[{"code":18,"indent":null}]},{"code":505,"indent":0,"parameters":[{"code":15,"parameters":[10],"indent":null}]},{"code":505,"indent":0,"parameters":[{"code":17,"indent":null}]},{"code":505,"indent":0,"parameters":[{"code":15,"parameters":[10],"indent":null}]},{"code":505,"indent":0,"parameters":[{"code":16,"indent":null}]},{"code":505,"indent":0,"parameters":[{"code":15,"parameters":[10],"indent":null}]},{"code":205,"indent":0,"parameters":[12,{"list":[{"code":21,"indent":null},{"code":0}],"repeat":false,"skippable":false,"wait":false}]},{"code":505,"indent":0,"parameters":[{"code":21,"indent":null}]},{"code":205,"indent":0,"parameters":[13,{"list":[{"code":21,"indent":null},{"code":0}],"repeat":false,"skippable":false,"wait":false}]},{"code":505,"indent":0,"parameters":[{"code":21,"indent":null}]},{"code":0,"indent":0,"parameters":[]}],"moveFrequency":3,"moveRoute":{"list":[{"code":0,"parameters":[]}],"repeat":true,"skippable":false,"wait":false},"moveSpeed":3,"moveType":0,"priorityType":1,"stepAnime":true,"through":false,"trigger":0,"walkAnime":false}],"x":3,"y":7},
{"id":10,"name":"Switch3","note":"","pages":[{"conditions":{"actorId":1,"actorValid":false,"itemId":1,"itemValid":false,"selfSwitchCh":"A","selfSwitchValid":false,"switch1Id":1,"switch1Valid":false,"switch2Id":1,"switch2Valid":false,"variableId":1,"variableValid":false,"variableValue":0},"directionFix":false,"image":{"tileId":0,"characterName":"!Switch1","direction":2,"pattern":0,"characterIndex":3},"list":[{"code":205,"indent":0,"parameters":[10,{"list":[{"code":17,"indent":null},{"code":15,"parameters":[10],"indent":null},{"code":18,"indent":null},{"code":15,"parameters":[10],"indent":null},{"code":17,"indent":null},{"code":15,"parameters":[10],"indent":null},{"code":16,"indent":null},{"code":15,"parameters":[10],"indent":null},{"code":0}],"repeat":false,"skippable":false,"wait":true}]},{"code":505,"indent":0,"parameters":[{"code":17,"indent":null}]},{"code":505,"indent":0,"parameters":[{"code":15,"parameters":[10],"indent":null}]},{"code":505,"indent":0,"parameters":[{"code":18,"indent":null}]},{"code":505,"indent":0,"parameters":[{"code":15,"parameters":[10],"indent":null}]},{"code":505,"indent":0,"parameters":[{"code":17,"indent":null}]},{"code":505,"indent":0,"parameters":[{"code":15,"parameters":[10],"indent":null}]},{"code":505,"indent":0,"parameters":[{"code":16,"indent":null}]},{"code":505,"indent":0,"parameters":[{"code":15,"parameters":[10],"indent":null}]},{"code":205,"indent":0,"parameters":[13,{"list":[{"code":21,"indent":null},{"code":0}],"repeat":false,"skippable":false,"wait":false}]},{"code":505,"indent":0,"parameters":[{"code":21,"indent":null}]},{"code":0,"indent":0,"parameters":[]}],"moveFrequency":3,"moveRoute":{"list":[{"code":0,"parameters":[]}],"repeat":true,"skippable":false,"wait":false},"moveSpeed":3,"moveType":0,"priorityType":1,"stepAnime":true,"through":false,"trigger":0,"walkAnime":false}],"x":4,"y":7},
{"id":11,"name":"Light1","note":"","pages":[{"conditions":{"actorId":1,"actorValid":false,"itemId":1,"itemValid":false,"selfSwitchCh":"A","selfSwitchValid":false,"switch1Id":1,"switch1Valid":false,"switch2Id":1,"switch2Valid":false,"variableId":1,"variableValid":false,"variableValue":0},"directionFix":false,"image":{"tileId":0,"characterName":"$MAPWall-Console002","direction":4,"pattern":0,"characterIndex":0},"list":[{"code":0,"indent":0,"parameters":[]}],"moveFrequency":3,"moveRoute":{"list":[{"code":12,"indent":null},{"code":0,"parameters":[]}],"repeat":true,"skippable":false,"wait":false},"moveSpeed":3,"moveType":3,"priorityType":1,"stepAnime":true,"through":false,"trigger":3,"walkAnime":false},{"conditions":{"actorId":1,"actorValid":false,"itemId":1,"itemValid":false,"selfSwitchCh":"A","selfSwitchValid":false,"switch1Id":64,"switch1Valid":true,"switch2Id":1,"switch2Valid":false,"variableId":1,"variableValid":false,"variableValue":0},"directionFix":false,"image":{"tileId":0,"characterName":"$MAPWall-Console002","direction":8,"pattern":0,"characterIndex":0},"list":[{"code":0,"indent":0,"parameters":[]}],"moveFrequency":3,"moveRoute":{"list":[{"code":12,"indent":null},{"code":0,"parameters":[]}],"repeat":true,"skippable":false,"wait":false},"moveSpeed":3,"moveType":3,"priorityType":1,"stepAnime":true,"through":false,"trigger":3,"walkAnime":false}],"x":5,"y":1},
{"id":12,"name":"Light2","note":"","pages":[{"conditions":{"actorId":1,"actorValid":false,"itemId":1,"itemValid":false,"selfSwitchCh":"A","selfSwitchValid":false,"switch1Id":1,"switch1Valid":false,"switch2Id":1,"switch2Valid":false,"variableId":1,"variableValid":false,"variableValue":0},"directionFix":false,"image":{"tileId":0,"characterName":"$MAPWall-Console002","direction":2,"pattern":0,"characterIndex":0},"list":[{"code":0,"indent":0,"parameters":[]}],"moveFrequency":3,"moveRoute":{"list":[{"code":12,"indent":null},{"code":0,"parameters":[]}],"repeat":true,"skippable":false,"wait":false},"moveSpeed":3,"moveType":3,"priorityType":1,"stepAnime":true,"through":false,"trigger":3,"walkAnime":false},{"conditions":{"actorId":1,"actorValid":false,"itemId":1,"itemValid":false,"selfSwitchCh":"A","selfSwitchValid":false,"switch1Id":64,"switch1Valid":true,"switch2Id":1,"switch2Valid":false,"variableId":1,"variableValid":false,"variableValue":0},"directionFix":false,"image":{"tileId":0,"characterName":"$MAPWall-Console002","direction":8,"pattern":0,"characterIndex":0},"list":[{"code":0,"indent":0,"parameters":[]}],"moveFrequency":3,"moveRoute":{"list":[{"code":12,"indent":null},{"code":0,"parameters":[]}],"repeat":true,"skippable":false,"wait":false},"moveSpeed":3,"moveType":3,"priorityType":1,"stepAnime":true,"through":false,"trigger":3,"walkAnime":false}],"x":6,"y":1},
{"id":13,"name":"Light3","note":"","pages":[{"conditions":{"actorId":1,"actorValid":false,"itemId":1,"itemValid":false,"selfSwitchCh":"A","selfSwitchValid":false,"switch1Id":1,"switch1Valid":false,"switch2Id":1,"switch2Valid":false,"variableId":1,"variableValid":false,"variableValue":0},"directionFix":false,"image":{"tileId":0,"characterName":"$MAPWall-Console002","direction":6,"pattern":0,"characterIndex":0},"list":[{"code":0,"indent":0,"parameters":[]}],"moveFrequency":3,"moveRoute":{"list":[{"code":12,"indent":null},{"code":0,"parameters":[]}],"repeat":true,"skippable":false,"wait":false},"moveSpeed":3,"moveType":3,"priorityType":1,"stepAnime":true,"through":false,"trigger":3,"walkAnime":false},{"conditions":{"actorId":1,"actorValid":false,"itemId":1,"itemValid":false,"selfSwitchCh":"A","selfSwitchValid":false,"switch1Id":64,"switch1Valid":true,"switch2Id":1,"switch2Valid":false,"variableId":1,"variableValid":false,"variableValue":0},"directionFix":false,"image":{"tileId":0,"characterName":"$MAPWall-Console002","direction":8,"pattern":0,"characterIndex":0},"list":[{"code":0,"indent":0,"parameters":[]}],"moveFrequency":3,"moveRoute":{"list":[{"code":12,"indent":null},{"code":0,"parameters":[]}],"repeat":true,"skippable":false,"wait":false},"moveSpeed":3,"moveType":3,"priorityType":1,"stepAnime":true,"through":false,"trigger":3,"walkAnime":false}],"x":7,"y":1},
{"id":14,"name":"LightCheck","note":"","pages":[{"conditions":{"actorId":1,"actorValid":false,"itemId":1,"itemValid":false,"selfSwitchCh":"A","selfSwitchValid":false,"switch1Id":1,"switch1Valid":false,"switch2Id":1,"switch2Valid":false,"variableId":1,"variableValid":false,"variableValue":0},"directionFix":false,"image":{"characterIndex":0,"characterName":"","direction":2,"pattern":0,"tileId":0},"list":[{"code":111,"indent":0,"parameters":[6,11,8]},{"code":111,"indent":1,"parameters":[6,12,8]},{"code":111,"indent":2,"parameters":[6,13,8]},{"code":121,"indent":3,"parameters":[64,64,0]},{"code":111,"indent":3,"parameters":[0,62,0]},{"code":250,"indent":4,"parameters":[{"name":"Machine","volume":10,"pitch":70,"pan":0}]},{"code":123,"indent":4,"parameters":["A",0]},{"code":101,"indent":4,"parameters":["Amia",0,1,2]},{"code":401,"indent":4,"parameters":["You did it!!!"]},{"code":0,"indent":4,"parameters":[]},{"code":411,"indent":3,"parameters":[]},{"code":250,"indent":4,"parameters":[{"name":"Machine","volume":10,"pitch":70,"pan":0}]},{"code":123,"indent":4,"parameters":["A",0]},{"code":101,"indent":4,"parameters":["Lira",0,1,2]},{"code":401,"indent":4,"parameters":["Hey, I connected to Earth!"]},{"code":0,"indent":4,"parameters":[]},{"code":412,"indent":3,"parameters":[]},{"code":0,"indent":3,"parameters":[]},{"code":412,"indent":2,"parameters":[]},{"code":0,"indent":2,"parameters":[]},{"code":412,"indent":1,"parameters":[]},{"code":0,"indent":1,"parameters":[]},{"code":412,"indent":0,"parameters":[]},{"code":0,"indent":0,"parameters":[]}],"moveFrequency":3,"moveRoute":{"list":[{"code":0,"parameters":[]}],"repeat":true,"skippable":false,"wait":false},"moveSpeed":3,"moveType":0,"priorityType":0,"stepAnime":false,"through":false,"trigger":4,"walkAnime":true},{"conditions":{"actorId":1,"actorValid":false,"itemId":1,"itemValid":false,"selfSwitchCh":"A","selfSwitchValid":true,"switch1Id":1,"switch1Valid":false,"switch2Id":1,"switch2Valid":false,"variableId":1,"variableValid":false,"variableValue":0},"directionFix":false,"image":{"characterIndex":0,"characterName":"","direction":2,"pattern":0,"tileId":0},"list":[{"code":0,"indent":0,"parameters":[]}],"moveFrequency":3,"moveRoute":{"list":[{"code":0,"parameters":[]}],"repeat":true,"skippable":false,"wait":false},"moveSpeed":3,"moveType":0,"priorityType":0,"stepAnime":false,"through":false,"trigger":3,"walkAnime":true}],"x":0,"y":4},
{"id":15,"name":"Noah_Scene5","note":"","pages":[{"conditions":{"actorId":1,"actorValid":false,"itemId":1,"itemValid":false,"selfSwitchCh":"A","selfSwitchValid":false,"switch1Id":23,"switch1Valid":true,"switch2Id":12,"switch2Valid":true,"variableId":1,"variableValid":false,"variableValue":0},"directionFix":false,"image":{"tileId":0,"characterName":"$Noah","direction":8,"pattern":1,"characterIndex":0},"list":[{"code":356,"indent":0,"parameters":["BUST RIGHT TRUE"]},{"code":230,"indent":0,"parameters":[30]},{"code":101,"indent":0,"parameters":["Noah",0,1,2]},{"code":401,"indent":0,"parameters":["Have you checked out the Engine Room yet?"]},{"code":401,"indent":0,"parameters":["My keycard were in my old jeans...."]},{"code":0,"indent":0,"parameters":[]}],"moveFrequency":3,"moveRoute":{"list":[{"code":0,"parameters":[]}],"repeat":true,"skippable":false,"wait":false},"moveSpeed":3,"moveType":0,"priorityType":1,"stepAnime":false,"through":false,"trigger":0,"walkAnime":true},{"conditions":{"actorId":1,"actorValid":false,"itemId":1,"itemValid":false,"selfSwitchCh":"A","selfSwitchValid":false,"switch1Id":13,"switch1Valid":true,"switch2Id":1,"switch2Valid":false,"variableId":1,"variableValid":false,"variableValue":0},"directionFix":false,"image":{"characterIndex":0,"characterName":"","direction":2,"pattern":0,"tileId":0},"list":[{"code":0,"indent":0,"parameters":[]}],"moveFrequency":3,"moveRoute":{"list":[{"code":0,"parameters":[]}],"repeat":true,"skippable":false,"wait":false},"moveSpeed":3,"moveType":0,"priorityType":0,"stepAnime":false,"through":false,"trigger":0,"walkAnime":true}],"x":4,"y":5},
null
]
}