[
null,
{"id":1,"expanded":true,"name":"MessHall","order":14,"parentId":19,"scrollX":832,"scrollY":640},
{"id":2,"expanded":true,"name":"CargoHold","order":2,"parentId":5,"scrollX":1577,"scrollY":640.5},
{"id":3,"expanded":false,"name":"Greenhouse","order":8,"parentId":20,"scrollX":1577,"scrollY":640.5},
{"id":4,"expanded":true,"name":"PQ Right","order":10,"parentId":13,"scrollX":1577,"scrollY":640.5},
{"id":5,"expanded":true,"name":"BottomFloor","order":1,"parentId":0,"scrollX":546,"scrollY":302},
{"id":6,"expanded":true,"name":"MidFloor","order":4,"parentId":0,"scrollX":1577,"scrollY":640.5},
{"id":7,"expanded":true,"name":"TopFloor","order":18,"parentId":0,"scrollX":1577,"scrollY":640.5},
{"id":8,"expanded":false,"name":"EngineRoom","order":3,"parentId":2,"scrollX":1577,"scrollY":640.5},
{"id":9,"expanded":true,"name":"Bridge","order":19,"parentId":7,"scrollX":1577,"scrollY":640.5},
{"id":10,"expanded":true,"name":"Communications","order":20,"parentId":9,"scrollX":1577,"scrollY":640.5},
null,
{"id":12,"expanded":false,"name":"Navigation","order":21,"parentId":9,"scrollX":1577,"scrollY":640.5},
{"id":13,"expanded":true,"name":"Commons","order":9,"parentId":19,"scrollX":540.6666666666666,"scrollY":418},
{"id":14,"expanded":false,"name":"SickBay","order":13,"parentId":13,"scrollX":546,"scrollY":302},
{"id":15,"expanded":false,"name":"Lab","order":17,"parentId":19,"scrollX":1579,"scrollY":646},
{"id":16,"expanded":false,"name":"ObservationDeck","order":5,"parentId":6,"scrollX":1577,"scrollY":640.5},
{"id":17,"expanded":true,"name":"Kitchen","order":15,"parentId":1,"scrollX":832,"scrollY":640},
{"id":18,"expanded":false,"name":"Laundry","order":16,"parentId":1,"scrollX":546,"scrollY":302},
{"id":19,"expanded":true,"name":"MainHall","order":6,"parentId":6,"scrollX":1577,"scrollY":640.5},
{"id":20,"expanded":true,"name":"SideHall","order":7,"parentId":19,"scrollX":1579,"scrollY":646},
null,
{"id":22,"expanded":true,"name":"PQ Mid","order":11,"parentId":13,"scrollX":1577,"scrollY":640.5},
{"id":23,"expanded":true,"name":"PQ Left","order":12,"parentId":13,"scrollX":546,"scrollY":302}
]